num,year,sikibetu1,sikibetu2,
806,1715,806s,806n,
806,1716,806s,806n,
806,1717,806s,806n,
806,1718,806s,806n,
806,1719,806s,806n,
806,1720,806s,806n,
806,1721,806s,806n,
806,1722,806s,806n,
806,1723,806s,806n,
806,1724,806s,806n,
806,1725,806s,806n,
806,1726,806s,806n,
806,1727,806s,806n,
806,1728,806s,806n,
806,1729,806s,806n,
806,1730,806s,806n,
806,1731,806s,806n,
818,1822,818s,818n,
818,1823,818s,818n,
818,1824,818s,818n,
818,1825,818s,818n,
818,1826,818s,818n,
818,1827,818s,818n,
818,1828,818s,818n,
818,1829,818s,818n,
818,1830,818s,818n,
818,1831,818s,818n,
818,1832,818s,818n,
818,1833,818s,818n,
818,1834,818s,818n,
818,1835,818s,818n,
818,1836,818s,818n,
818,1837,818s,818n,
818,1838,818s,818n,
818,1839,818s,818n,
818,1840,818s,818n,
818,1841,818s,818n,
818,1842,818s,818n,
818,1843,818s,818n,
818,1844,818s,818n,
729,1846,729s,729ne,108.71
285,1859,285s,285n,
285,1860,285s,285n,
285,1861,285s,285n,
285,1862,285s,285n,
285,1863,285s,285n,
285,1864,285s,285n,
285,1865,285s,285n,
285,1866,285s,285n,
285,1867,285s,285n,
285,1868,285s,285n,
285,1869,285s,285n,
285,1870,285s,285n,
285,1871,285s,285n,
285,1872,285s,285n,
285,1873,285s,285n,
285,1874,285s,285n,
285,1875,285s,285n,
285,1876,285s,285n,
285,1877,285s,285n,
285,1878,285s,285n,
285,1879,285s,285n,
285,1880,285s,285n,
224,1881,224s,224s,
285,1881,285s,285n,
224,1882,224s,224s,
285,1882,285s,285n,
94,1883,94sw,94ne,
224,1883,224s,224s,
285,1883,285s,285n,
94,1884,94sw,94ne,
224,1884,224s,224s,
285,1884,285s,285n,
94,1885,94sw,94ne,
224,1885,224s,224s,
285,1885,285s,285n,
94,1886,94sw,94ne,
224,1886,224s,224s,
285,1886,285s,285n,
94,1887,94sw,94ne,
224,1887,224s,224s,
285,1887,285s,285n,
94,1888,94sw,94ne,
224,1888,224s,224s,
285,1888,285s,285n,
94,1889,94sw,94ne,
224,1889,224s,224s,
285,1889,285s,285n,
94,1890,94sw,94ne,
224,1890,224s,224s,
285,1890,285s,285n,
94,1891,94sw,94ne,
224,1891,224s,224s,
285,1891,285s,285n,
94,1892,94sw,94ne,
224,1892,224s,224s,
285,1892,285s,285n,
423,1892,423sw,423ne,
94,1893,94sw,94ne,
224,1893,224s,224s,
285,1893,285s,285n,
423,1893,423sw,423ne,
94,1894,94sw,94ne,
224,1894,224s,224s,
285,1894,285s,285n,
423,1894,423sw,423ne,
94,1895,94sw,94ne,
224,1895,224s,224s,
285,1895,285s,285n,
423,1895,423sw,423ne,
94,1896,94sw,94ne,
224,1896,224s,224s,
285,1896,285s,285n,
423,1896,423sw,423ne,
32,1897,32w,32e,
94,1897,94sw,94ne,
224,1897,224s,224s,
285,1897,285s,285n,
423,1897,423sw,423ne,
32,1898,32w,32e,
94,1898,94sw,94ne,
224,1898,224s,224s,
285,1898,285s,285n,
423,1898,423sw,423ne,
32,1899,32w,32e,
94,1899,94sw,94ne,
224,1899,224s,224s,
285,1899,285s,285n,
423,1899,423sw,423ne,
32,1900,32w,32e,
94,1900,94sw,94ne,
179,1900,179s,179n,
224,1900,224s,224s,
285,1900,285s,285n,
423,1900,423sw,423ne,
32,1901,32w,32e,
94,1901,94sw,94ne,
179,1901,179s,179n,
224,1901,224s,224s,
285,1901,285s,285n,
423,1901,423sw,423ne,
32,1902,32w,32e,
94,1902,94sw,94ne,
179,1902,179s,179n,
224,1902,224s,224s,
285,1902,285s,285n,
423,1902,423sw,423ne,
32,1903,32w,32e,
94,1903,94sw,94ne,
179,1903,179s,179n,
224,1903,224s,224s,
285,1903,285s,285n,
423,1903,423sw,423ne,
32,1904,32w,32e,
94,1904,94sw,94ne,
179,1904,179s,179n,
224,1904,224s,224s,
285,1904,285s,285n,
423,1904,423sw,423ne,
32,1905,32w,32e,
94,1905,94sw,94ne,
179,1905,179s,179n,
224,1905,224s,224s,
285,1905,285s,285n,
423,1905,423sw,423ne,
32,1906,32w,32e,
94,1906,94sw,94ne,
179,1906,179s,179n,
224,1906,224s,224s,
285,1906,285s,285n,
423,1906,423sw,423ne,
32,1907,32w,32e,
94,1907,94sw,94ne,
179,1907,179s,179n,
224,1907,224s,224s,
285,1907,285s,285n,
423,1907,423sw,423ne,
32,1908,32w,32e,
94,1908,94sw,94ne,
179,1908,179s,179n,
224,1908,224s,224s,
285,1908,285s,285n,
423,1908,423sw,423ne,
32,1909,32w,32e,
94,1909,94sw,94ne,
177,1909,177nw,177se,
179,1909,179s,179n,
224,1909,224s,224s,
285,1909,285s,285n,
423,1909,423sw,423ne,
32,1910,32w,32e,
94,1910,94sw,94ne,
177,1910,177nw,177se,
179,1910,179s,179n,
224,1910,224s,224s,
285,1910,285s,285n,
32,1911,32w,32e,
94,1911,94sw,94ne,
177,1911,177nw,177se,
179,1911,179s,179n,
224,1911,224s,224s,
285,1911,285s,285n,
32,1912,32w,32e,
94,1912,94sw,94ne,
177,1912,177nw,177se,
179,1912,179s,179n,
224,1912,224s,224s,
285,1912,285s,285n,
32,1913,32w,32e,
94,1913,94sw,94ne,
177,1913,177nw,177se,
179,1913,179s,179n,
224,1913,224s,224s,
285,1913,285s,285n,
32,1914,32w,32e,
94,1914,94sw,94ne,
177,1914,177nw,177se,
179,1914,179s,179n,
224,1914,224s,224s,
285,1914,285s,285n,
32,1915,32w,32e,
94,1915,94sw,94ne,
177,1915,177nw,177se,
179,1915,179s,179n,
224,1915,224s,224s,
285,1915,285s,285n,
729,1915,729s,729sw,40.75
32,1916,32w,32e,
94,1916,94sw,94ne,
177,1916,177nw,177se,
179,1916,179s,179n,
224,1916,224s,224s,
285,1916,285s,285n,
729,1916,729s,729sw,
32,1917,32w,32e,
91,1917,91se,91ne,
94,1917,94sw,94ne,
177,1917,177nw,177se,
179,1917,179s,179n,
224,1917,224s,224s,
285,1917,285s,285n,
562,1917,562se,562se,
729,1917,729s,729sw,
32,1918,32w,32e,
91,1918,91se,91ne,
94,1918,94sw,94ne,
177,1918,177nw,177se,
179,1918,179s,179n,
224,1918,224s,224s,
285,1918,285s,285n,
562,1918,562se,562se,
729,1918,729s,729sw,
32,1919,32w,32e,
91,1919,91se,91ne,
94,1919,94sw,94ne,
177,1919,177nw,177se,
179,1919,179s,179n,
224,1919,224s,224s,
285,1919,285s,285n,
562,1919,562se,562se,
729,1919,729s,729sw,
32,1920,32w,32e,
91,1920,91se,91ne,
94,1920,94sw,94ne,
177,1920,177nw,177se,
179,1920,179s,179n,
224,1920,224s,224s,
285,1920,285s,285n,
562,1920,562se,562se,
729,1920,729s,729sw,
32,1921,32w,32e,
91,1921,91se,91ne,
94,1921,94sw,94ne,
170,1921,170s,170n,
177,1921,177nw,177se,
179,1921,179s,179n,
224,1921,224s,224s,
285,1921,285s,285n,
411,1921,411s,411n,
562,1921,562se,562se,
729,1921,729s,729sw,
32,1922,32w,32e,
91,1922,91se,91ne,
94,1922,94sw,94ne,
170,1922,170s,170n,
177,1922,177nw,177se,
179,1922,179s,179n,
224,1922,224s,224s,
285,1922,285s,285n,
411,1922,411s,411n,
562,1922,562se,562se,
729,1922,729s,729sw,
32,1923,32w,32e,
91,1923,91se,91ne,
94,1923,94sw,94ne,
170,1923,170s,170n,
177,1923,177nw,177se,
179,1923,179s,179n,
224,1923,224s,224s,
285,1923,285s,285n,
411,1923,411s,411n,
562,1923,562se,562se,
729,1923,729s,729sw,
32,1924,32w,32e,
91,1924,91se,91ne,
94,1924,94sw,94ne,
170,1924,170s,170n,
177,1924,177nw,177se,
179,1924,179s,179n,
224,1924,224s,224s,
285,1924,285s,285n,
364,1924,364s,364n,
411,1924,411s,411n,
562,1924,562se,562se,
729,1924,729s,729sw,
32,1925,32w,32e,
91,1925,91se,91ne,
94,1925,94sw,94ne,
170,1925,170s,170n,
177,1925,177nw,177se,
179,1925,179s,179n,
224,1925,224s,224s,
285,1925,285s,285n,
364,1925,364s,364n,
411,1925,411s,411n,
562,1925,562se,562se,
729,1925,729s,729sw,
32,1926,32w,32e,
91,1926,91se,91ne,
94,1926,94sw,94ne,
170,1926,170s,170n,
177,1926,177nw,177se,
179,1926,179s,179n,
224,1926,224s,224s,
285,1926,285s,285n,
364,1926,364s,364n,
411,1926,411s,411n,
562,1926,562se,562se,
729,1926,729s,729sw,
32,1927,32w,32e,
91,1927,91se,91ne,
94,1927,94sw,94ne,
170,1927,170s,170n,
177,1927,177nw,177se,
179,1927,179s,179n,
224,1927,224s,224s,
285,1927,285s,285n,
364,1927,364s,364n,
411,1927,411s,411n,
562,1927,562se,562se,
729,1927,729s,729sw,
32,1928,32w,32e,
91,1928,91se,91ne,
94,1928,94sw,94ne,
170,1928,170s,170n,
177,1928,177nw,177se,
179,1928,179s,179n,
224,1928,224s,224s,
285,1928,285s,285n,
364,1928,364s,364n,
411,1928,411s,411n,
460,1928,460w,460e,
562,1928,562se,562se,
729,1928,729s,729sw,
32,1929,32w,32e,
91,1929,91se,91ne,
94,1929,94sw,94ne,
170,1929,170s,170n,
177,1929,177nw,177se,
179,1929,179s,179n,
224,1929,224s,224s,
285,1929,285s,285n,
364,1929,364s,364n,
411,1929,411s,411n,
460,1929,460w,460e,
562,1929,562se,562se,
729,1929,729s,729sw,
32,1930,32w,32e,
34,1930,34se,34ne,
91,1930,91se,91ne,
94,1930,94sw,94ne,
117,1930,117sw,117ne,
170,1930,170s,170n,
177,1930,177nw,177se,
179,1930,179s,179n,
224,1930,224s,224s,
285,1930,285s,285n,
364,1930,364s,364n,
411,1930,411s,411n,
460,1930,460w,460e,
547,1930,547e,547w,
562,1930,562se,562se,
729,1930,729s,729sw,
32,1931,32w,32e,
34,1931,34se,34ne,
91,1931,91se,91ne,
94,1931,94sw,94ne,
117,1931,117sw,117ne,
170,1931,170s,170n,
177,1931,177nw,177se,
179,1931,179s,179n,
224,1931,224s,224s,
285,1931,285s,285n,
364,1931,364s,364n,
411,1931,411s,411n,
460,1931,460w,460e,
547,1931,547e,547w,
562,1931,562se,562se,
729,1931,729s,729sw,
32,1932,32w,32e,
34,1932,34se,34ne,
91,1932,91se,91ne,
117,1932,117sw,117ne,
170,1932,170s,170n,
177,1932,177nw,177se,
179,1932,179s,179n,
224,1932,224s,224s,
285,1932,285s,285n,
364,1932,364s,364n,
411,1932,411s,411n,
460,1932,460w,460e,
547,1932,547e,547w,
562,1932,562se,562se,
729,1932,729s,729sw,
32,1933,32w,32e,
34,1933,34se,34ne,
91,1933,91se,91ne,
117,1933,117sw,117ne,
170,1933,170s,170n,
177,1933,177nw,177se,
179,1933,179s,179n,
224,1933,224s,224s,
285,1933,285s,285n,
364,1933,364s,364n,
411,1933,411s,411n,
460,1933,460w,460e,
533,1933,533s,533n,
547,1933,547e,547w,
562,1933,562se,562se,
729,1933,729s,729sw,
32,1934,32w,32e,
34,1934,34se,34ne,
91,1934,91se,91ne,
117,1934,117sw,117ne,
170,1934,170s,170n,
177,1934,177nw,177se,
179,1934,179s,179n,
224,1934,224s,224s,
285,1934,285s,285n,
364,1934,364s,364n,
411,1934,411s,411n,
460,1934,460w,460e,
533,1934,533s,533n,
547,1934,547e,547w,
562,1934,562se,562se,
729,1934,729s,729sw,
32,1935,32w,32e,
34,1935,34se,34ne,
91,1935,91se,91ne,
117,1935,117sw,117ne,
135,1935,135nw,135se,
177,1935,177nw,177se,
179,1935,179s,179n,
224,1935,224s,224s,
285,1935,285s,285n,
364,1935,364s,364n,
411,1935,411s,411n,
460,1935,460w,460e,
533,1935,533s,533n,
547,1935,547e,547w,
562,1935,562se,562se,
729,1935,729s,729sw,
32,1936,32w,32e,
34,1936,34se,34ne,
91,1936,91se,91ne,
117,1936,117sw,117ne,
135,1936,135nw,135se,
177,1936,177nw,177se,
179,1936,179s,179n,
224,1936,224s,224s,
285,1936,285s,285n,
364,1936,364s,364n,
411,1936,411s,411n,
460,1936,460w,460e,
533,1936,533s,533n,
547,1936,547e,547w,
562,1936,562se,562se,
729,1936,729s,729sw,
32,1937,32w,32e,
34,1937,34se,34ne,
91,1937,91se,91ne,
117,1937,117sw,117ne,
135,1937,135nw,135se,
177,1937,177nw,177se,
179,1937,179s,179n,
224,1937,224s,224s,
285,1937,285s,285n,
364,1937,364s,364n,
411,1937,411s,411n,
460,1937,460w,460e,
533,1937,533s,533n,
547,1937,547e,547w,
562,1937,562se,562se,
729,1937,729s,729sw,
32,1938,32w,32e,
34,1938,34se,34ne,
91,1938,91se,91ne,
117,1938,117sw,117ne,
135,1938,135nw,135se,
177,1938,177nw,177se,
179,1938,179s,179n,
224,1938,224s,224s,
285,1938,285s,285n,
364,1938,364s,364n,
411,1938,411s,411n,
460,1938,460w,460e,
533,1938,533s,533n,
547,1938,547e,547w,
562,1938,562se,562se,
729,1938,729s,729sw,
32,1939,32w,32e,
34,1939,34se,34ne,
91,1939,91se,91ne,
117,1939,117sw,117ne,
135,1939,135nw,135se,
177,1939,177nw,177se,
179,1939,179s,179n,
224,1939,224s,224s,
285,1939,285s,285n,
364,1939,364s,364n,
411,1939,411s,411n,
460,1939,460w,460e,
533,1939,533s,533n,
547,1939,547e,547w,
562,1939,562se,562se,
729,1939,729s,729sw,
826,1939,826s,826n,
32,1940,32w,32e,
34,1940,34se,34ne,
91,1940,91se,91ne,
117,1940,117sw,117ne,
135,1940,135nw,135se,
177,1940,177nw,177se,
179,1940,179s,179n,
224,1940,224s,224s,
285,1940,285s,285n,
364,1940,364s,364n,
411,1940,411s,411n,
460,1940,460w,460e,
533,1940,533s,533n,
547,1940,547e,547w,
562,1940,562se,562se,
729,1940,729s,729sw,
826,1940,826s,826n,
32,1941,32w,32e,
34,1941,34se,34ne,
91,1941,91se,91ne,
117,1941,117sw,117ne,
135,1941,135nw,135se,
177,1941,177nw,177se,
179,1941,179s,179n,
224,1941,224s,224s,
285,1941,285s,285n,
364,1941,364s,364n,
411,1941,411s,411n,
460,1941,460w,460e,
533,1941,533s,533n,
547,1941,547e,547w,
562,1941,562se,562se,37.14
729,1941,729s,729sw,
826,1941,826s,826n,
32,1942,32w,32e,
34,1942,34se,34ne,
91,1942,91se,91ne,
117,1942,117sw,117ne,
135,1942,135nw,135se,
177,1942,177nw,177se,
179,1942,179s,179n,
224,1942,224s,224s,
285,1942,285s,285n,
364,1942,364s,364n,
411,1942,411s,411n,
460,1942,460w,460e,
533,1942,533s,533n,
547,1942,547e,547w,
729,1942,729s,729sw,
826,1942,826s,826n,
32,1943,32w,32e,
34,1943,34se,34ne,
91,1943,91se,91ne,
117,1943,117sw,117ne,
135,1943,135nw,135se,
177,1943,177nw,177se,
179,1943,179s,179n,
224,1943,224s,224s,
285,1943,285s,285n,
364,1943,364s,364n,
411,1943,411s,411n,
460,1943,460w,460e,
533,1943,533s,533n,
547,1943,547e,547w,
729,1943,729s,729sw,
826,1943,826s,826n,
32,1944,32w,32e,
34,1944,34se,34ne,
91,1944,91se,91ne,
117,1944,117sw,117ne,
135,1944,135nw,135se,
144,1944,144se,144nw,
177,1944,177nw,177se,
179,1944,179s,179n,
224,1944,224s,224s,
285,1944,285s,285n,
364,1944,364s,364n,
411,1944,411s,411n,
460,1944,460w,460e,
533,1944,533s,533n,
547,1944,547e,547w,
729,1944,729s,729sw,
826,1944,826s,826n,
32,1945,32w,32e,
34,1945,34se,34ne,
91,1945,91se,91ne,
117,1945,117sw,117ne,
135,1945,135nw,135se,
144,1945,144se,144nw,
177,1945,177nw,177se,
179,1945,179s,179n,
224,1945,224s,224s,
285,1945,285s,285n,
364,1945,364s,364n,
411,1945,411s,411n,
460,1945,460w,460e,
533,1945,533s,533n,
547,1945,547e,547w,
729,1945,729s,729sw,
826,1945,826s,826n,
32,1946,32w,32e,
34,1946,34se,34ne,
91,1946,91se,91ne,
117,1946,117sw,117ne,
135,1946,135nw,135se,
144,1946,144se,144nw,
177,1946,177nw,177se,
179,1946,179s,179n,
224,1946,224s,224s,
285,1946,285s,285n,
364,1946,364s,364n,
411,1946,411s,411n,
460,1946,460w,460e,
533,1946,533s,533n,
547,1946,547e,547w,
729,1946,729s,729sw,
826,1946,826s,826n,
32,1947,32w,32e,
34,1947,34se,34ne,
91,1947,91se,91ne,
117,1947,117sw,117ne,
135,1947,135nw,135se,
144,1947,144se,144nw,
177,1947,177nw,177se,
179,1947,179s,179n,
224,1947,224s,224s,
285,1947,285s,285n,
364,1947,364s,364n,
411,1947,411s,411n,
460,1947,460w,460e,
533,1947,533s,533n,
547,1947,547e,547w,
729,1947,729s,729sw,
826,1947,826s,826n,
11,1948,11n,11s,
32,1948,32w,32e,
34,1948,34se,34ne,
91,1948,91se,91ne,
117,1948,117sw,117ne,
135,1948,135nw,135se,
144,1948,144se,144nw,
177,1948,177nw,177se,
179,1948,179s,179n,
224,1948,224s,224s,
285,1948,285s,285n,
302,1948,302s,302n,
364,1948,364s,364n,
411,1948,411s,411n,
460,1948,460w,460e,
533,1948,533s,533n,
547,1948,547e,547w,
729,1948,729s,729sw,
826,1948,826s,826n,
11,1949,11n,11s,
32,1949,32w,32e,
34,1949,34se,34ne,
91,1949,91se,91ne,
117,1949,117sw,117ne,
135,1949,135nw,135se,
144,1949,144se,144nw,
177,1949,177nw,177se,
179,1949,179s,179n,
224,1949,224s,224s,
285,1949,285s,285n,
302,1949,302s,302n,
364,1949,364s,364n,
411,1949,411s,411n,
460,1949,460w,460e,
533,1949,533s,533n,
547,1949,547e,547w,
729,1949,729s,729sw,
826,1949,826s,826n,
11,1950,11n,11s,
32,1950,32w,32e,
34,1950,34se,34ne,
91,1950,91se,91ne,
117,1950,117sw,117ne,
135,1950,135nw,135se,
144,1950,144se,144nw,
177,1950,177nw,177se,
179,1950,179s,179n,
224,1950,224s,224s,
285,1950,285s,285n,
302,1950,302s,302n,
364,1950,364s,364n,
411,1950,411s,411n,
460,1950,460w,460e,
533,1950,533s,533n,
547,1950,547e,547w,
729,1950,729s,729sw,
826,1950,826s,826n,
11,1951,11n,11s,
32,1951,32w,32e,
34,1951,34se,34ne,
91,1951,91se,91ne,
117,1951,117sw,117ne,
135,1951,135nw,135se,
144,1951,144se,144nw,
177,1951,177nw,177se,
179,1951,179s,179n,
224,1951,224s,224s,
285,1951,285s,285n,
302,1951,302s,302n,
364,1951,364s,364n,
411,1951,411s,411n,
460,1951,460w,460e,
533,1951,533s,533n,
547,1951,547e,547w,
729,1951,729s,729sw,
826,1951,826s,826n,
11,1952,11n,11s,
32,1952,32w,32e,
34,1952,34se,34ne,
91,1952,91se,91ne,
117,1952,117sw,117ne,31.82
135,1952,135nw,135se,
144,1952,144se,144nw,
176,1952,176se,176ne,
177,1952,177nw,177se,
179,1952,179s,179n,
187,1952,187n,187s,
224,1952,224s,224s,
285,1952,285s,285n,
302,1952,302s,302n,
364,1952,364s,364n,
411,1952,411s,411n,
460,1952,460w,460e,
533,1952,533s,533n,
547,1952,547e,547w,
729,1952,729s,729sw,
826,1952,826s,826n,
11,1953,11n,11s,
32,1953,32w,32e,
34,1953,34se,34ne,
91,1953,91se,91ne,
133,1953,133ne,133sw,
135,1953,135nw,135se,
144,1953,144se,144nw,
176,1953,176se,176ne,
177,1953,177nw,177se,
179,1953,179s,179n,
187,1953,187n,187s,
224,1953,224s,224s,
285,1953,285s,285n,
302,1953,302s,302n,
364,1953,364s,364n,
411,1953,411s,411n,
460,1953,460w,460e,
533,1953,533s,533n,
547,1953,547e,547w,
729,1953,729s,729sw,
826,1953,826s,826n,
11,1954,11n,11s,
32,1954,32w,32e,
34,1954,34se,34ne,
91,1954,91se,91ne,
133,1954,133ne,133sw,
135,1954,135nw,135se,
144,1954,144se,144nw,
176,1954,176se,176ne,
177,1954,177nw,177se,
179,1954,179s,179n,
187,1954,187n,187s,
224,1954,224s,224s,
285,1954,285s,285n,
302,1954,302s,302n,
364,1954,364s,364n,
411,1954,411s,411n,
460,1954,460w,460e,
533,1954,533s,533n,
547,1954,547e,547w,
699,1954,699se,699nw,
729,1954,729s,729sw,
826,1954,826s,826n,
11,1955,11n,11s,
32,1955,32w,32e,
34,1955,34se,34ne,
91,1955,91se,91ne,
133,1955,133ne,133sw,
135,1955,135nw,135se,
144,1955,144se,144nw,
176,1955,176se,176ne,
177,1955,177nw,177se,
179,1955,179s,179n,
187,1955,187n,187s,
224,1955,224s,224s,
285,1955,285s,285n,
302,1955,302s,302n,
364,1955,364s,364n,
411,1955,411s,411n,
460,1955,460w,460e,
533,1955,533s,533n,
547,1955,547e,547w,
699,1955,699se,699nw,
729,1955,729s,729sw,
826,1955,826s,826n,
11,1956,11n,11s,
32,1956,32w,32e,
34,1956,34se,34ne,
91,1956,91se,91ne,
133,1956,133ne,133sw,
135,1956,135nw,135se,
144,1956,144se,144nw,
176,1956,176se,176ne,
177,1956,177nw,177se,
178,1956,178s,178n,
179,1956,179s,179n,
187,1956,187n,187s,
224,1956,224s,224s,
237,1956,237s,237n,
245,1956,245s,245n,
285,1956,285s,285n,
302,1956,302s,302n,
364,1956,364s,364n,
411,1956,411s,411n,
460,1956,460w,460e,
533,1956,533s,533n,
547,1956,547e,547w,
699,1956,699se,699nw,
729,1956,729s,729sw,
826,1956,826s,826n,
11,1957,11n,11s,
32,1957,32w,32e,
34,1957,34se,34ne,
91,1957,91se,91ne,
133,1957,133ne,133sw,
135,1957,135nw,135se,
144,1957,144se,144nw,
176,1957,176se,176ne,
177,1957,177nw,177se,
178,1957,178s,178n,
179,1957,179s,179n,
187,1957,187n,187s,
224,1957,224s,224s,
237,1957,237s,237n,
245,1957,245s,245n,
265,1957,265s,265n,
285,1957,285s,285n,
302,1957,302s,302n,
364,1957,364s,364n,
411,1957,411s,411n,
460,1957,460w,460e,
533,1957,533s,533n,
547,1957,547e,547w,
699,1957,699se,699nw,
729,1957,729s,729sw,
826,1957,826s,826n,
11,1958,11n,11s,
32,1958,32w,32e,
34,1958,34se,34ne,
91,1958,91se,91ne,
133,1958,133ne,133sw,
135,1958,135nw,135se,
144,1958,144se,144nw,
176,1958,176se,176ne,
177,1958,177nw,177se,
178,1958,178s,178n,
179,1958,179s,179n,
187,1958,187n,187s,
223,1958,223sw,223ne,
224,1958,224s,224s,
237,1958,237s,237n,
245,1958,245s,245n,
265,1958,265s,265n,
285,1958,285s,285n,
302,1958,302s,302n,
364,1958,364s,364n,
411,1958,411s,411n,
460,1958,460w,460e,
533,1958,533s,533n,
547,1958,547e,547w,
699,1958,699se,699nw,
729,1958,729s,729sw,
826,1958,826s,826n,
11,1959,11n,11s,
32,1959,32w,32e,
34,1959,34se,34ne,
91,1959,91se,91ne,
133,1959,133ne,133sw,
135,1959,135nw,135se,
144,1959,144se,144nw,
176,1959,176se,176ne,
177,1959,177nw,177se,
178,1959,178s,178n,
179,1959,179s,179n,
187,1959,187n,187s,
223,1959,223sw,223ne,
224,1959,224s,224s,
237,1959,237s,237n,
245,1959,245s,245n,
265,1959,265s,265n,
285,1959,285s,285n,
302,1959,302s,302n,
364,1959,364s,364n,
411,1959,411s,411n,
460,1959,460w,460e,
505,1959,505s,505n,
533,1959,533s,533n,
547,1959,547e,547w,
699,1959,699se,699nw,
729,1959,729s,729sw,
826,1959,826s,826n,
11,1960,11n,11s,
32,1960,32w,32e,
34,1960,34se,34ne,
91,1960,91se,91ne,
133,1960,133ne,133sw,
135,1960,135nw,135se,
144,1960,144se,144nw,
176,1960,176se,176ne,
177,1960,177nw,177se,
178,1960,178s,178n,
179,1960,179s,179n,
187,1960,187n,187s,
223,1960,223sw,223ne,
224,1960,224s,224s,
237,1960,237s,237n,
245,1960,245s,245n,
265,1960,265s,265n,
285,1960,285s,285n,
302,1960,302s,302n,
364,1960,364s,364n,
411,1960,411s,411n,
460,1960,460w,460e,
505,1960,505s,505n,
533,1960,533s,533n,
547,1960,547e,547w,
699,1960,699se,699nw,
729,1960,729s,729sw,
826,1960,826s,826n,
9,1961,9s,9n,
11,1961,11n,11s,
32,1961,32w,32e,
34,1961,34se,34ne,
91,1961,91se,91ne,
117,1961,117sw,117,28.4
133,1961,133ne,133sw,
135,1961,135nw,135se,
144,1961,144se,144nw,
176,1961,176se,176ne,
177,1961,177nw,177se,
178,1961,178s,178n,
179,1961,179s,179n,
187,1961,187n,187s,
193,1961,193s,193n,
223,1961,223sw,223ne,
224,1961,224s,224s,
237,1961,237s,237n,
245,1961,245s,245n,
264,1961,264s,264n,
265,1961,265s,265n,
285,1961,285s,285n,
302,1961,302s,302n,
364,1961,364s,364n,
411,1961,411s,411n,
460,1961,460w,460e,
505,1961,505s,505n,
514,1961,514s,514n,
533,1961,533s,533n,
547,1961,547e,547w,
699,1961,699se,699nw,
729,1961,729s,729sw,
826,1961,826s,826n,
9,1962,9s,9n,
11,1962,11n,11s,
32,1962,32w,32e,
34,1962,34se,34ne,
91,1962,91se,91ne,
117,1962,117sw,117,23.42
133,1962,133ne,133sw,
135,1962,135nw,135se,
144,1962,144se,144nw,
176,1962,176se,176ne,
177,1962,177nw,177se,
178,1962,178s,178n,
179,1962,179s,179n,
187,1962,187n,187s,
193,1962,193s,193n,
223,1962,223sw,223ne,
224,1962,224s,224s,
237,1962,237s,237n,
245,1962,245s,245n,
264,1962,264s,264n,
265,1962,265s,265n,
285,1962,285s,285n,
302,1962,302s,302n,
364,1962,364s,364n,
411,1962,411s,411n,
460,1962,460w,460e,
505,1962,505s,505n,
514,1962,514s,514n,
533,1962,533s,533n,
547,1962,547e,547w,
699,1962,699se,699nw,
729,1962,729s,729sw,
826,1962,826s,826n,
9,1963,9s,9n,
11,1963,11n,11s,
32,1963,32w,32e,
34,1963,34se,34ne,
91,1963,91se,91ne,
112,1963,112s,112n,
121,1963,121sw,121ne,
122,1963,122sw,122ne,
133,1963,133ne,133sw,
135,1963,135nw,135se,
144,1963,144se,144nw,
176,1963,176se,176ne,
177,1963,177nw,177se,
178,1963,178s,178n,
179,1963,179s,179n,
187,1963,187n,187s,
193,1963,193s,193n,
223,1963,223sw,223ne,
224,1963,224s,224s,
237,1963,237s,237n,
245,1963,245s,245n,
264,1963,264s,264n,
265,1963,265s,265n,
285,1963,285s,285n,
302,1963,302s,302n,
364,1963,364s,364n,
411,1963,411s,411n,
460,1963,460w,460e,
505,1963,505s,505n,
514,1963,514s,514n,
533,1963,533s,533n,
547,1963,547e,547w,
699,1963,699se,699nw,
729,1963,729s,729sw,
826,1963,826s,826n,
9,1964,9s,9n,
11,1964,11n,11s,
32,1964,32w,32e,
34,1964,34se,34ne,
91,1964,91se,91ne,
112,1964,112s,112n,
121,1964,121sw,121ne,
122,1964,122sw,122ne,
133,1964,133ne,133sw,
135,1964,135nw,135se,
144,1964,144se,144nw,
174,1964,174s,174n,
176,1964,176se,176ne,
177,1964,177nw,177se,
178,1964,178s,178n,
179,1964,179s,179n,
187,1964,187n,187s,
193,1964,193s,193n,
223,1964,223sw,223ne,
224,1964,224s,224s,
237,1964,237s,237n,
245,1964,245s,245n,
255,1964,255s,255n,
264,1964,264s,264n,
265,1964,265s,265n,
285,1964,285s,285n,
299,1964,299s,299n,
302,1964,302s,302n,
364,1964,364s,364n,
411,1964,411s,411n,
460,1964,460w,460e,
505,1964,505s,505n,
514,1964,514s,514n,
533,1964,533s,533n,
547,1964,547e,547w,
699,1964,699se,699nw,
729,1964,729s,729sw,
826,1964,826s,826n,
9,1965,9s,9n,
11,1965,11n,11s,
32,1965,32w,32e,
34,1965,34se,34ne,
91,1965,91se,91ne,
112,1965,112s,112n,
121,1965,121sw,121ne,
122,1965,122sw,122ne,
133,1965,133ne,133sw,
135,1965,135nw,135se,
144,1965,144se,144nw,
174,1965,174s,174n,
176,1965,176se,176ne,
177,1965,177nw,177se,
178,1965,178s,178n,
179,1965,179s,179n,
187,1965,187n,187s,
193,1965,193s,193n,
223,1965,223sw,223ne,
224,1965,224s,224s,
237,1965,237s,237n,
245,1965,245s,245n,
255,1965,255s,255n,
264,1965,264s,264n,
265,1965,265s,265n,
285,1965,285s,285n,
299,1965,299s,299n,
302,1965,302s,302n,
364,1965,364s,364n,
411,1965,411s,411n,
460,1965,460w,460e,
505,1965,505s,505n,
514,1965,514s,514n,
533,1965,533s,533n,
547,1965,547e,547w,
699,1965,699se,699nw,
729,1965,729s,729sw,
826,1965,826s,826n,
9,1966,9s,9n,
11,1966,11n,11s,
32,1966,32w,32e,
34,1966,34se,34ne,
91,1966,91se,91ne,
112,1966,112s,112n,
121,1966,121sw,121ne,
122,1966,122sw,122ne,
133,1966,133ne,133sw,
135,1966,135nw,135se,
144,1966,144se,144nw,
174,1966,174s,174n,
176,1966,176se,176ne,
177,1966,177nw,177se,
178,1966,178s,178n,
179,1966,179s,179n,
187,1966,187n,187s,
193,1966,193s,193n,
223,1966,223sw,223ne,
224,1966,224s,224s,
237,1966,237s,237n,
245,1966,245s,245n,
255,1966,255s,255n,
264,1966,264s,264n,
265,1966,265s,265n,
285,1966,285s,285n,
299,1966,299s,299n,
302,1966,302s,302n,
364,1966,364s,364n,
411,1966,411s,411n,
460,1966,460w,460e,
505,1966,505s,505n,
514,1966,514s,514n,
533,1966,533s,533n,
547,1966,547e,547w,
699,1966,699se,699nw,
729,1966,729s,729sw,
826,1966,826s,826n,
9,1967,9s,9n,
11,1967,11n,11s,
32,1967,32w,32e,
34,1967,34se,34ne,
74,1967,74ne,74se,
91,1967,91se,91ne,
112,1967,112s,112n,
121,1967,121sw,121ne,
122,1967,122sw,122ne,
133,1967,133ne,133sw,
135,1967,135nw,135se,
144,1967,144se,144nw,
174,1967,174s,174n,
176,1967,176se,176ne,
177,1967,177nw,177se,
178,1967,178s,178n,
179,1967,179s,179n,
187,1967,187n,187s,
193,1967,193s,193n,
223,1967,223sw,223ne,
224,1967,224s,224s,
237,1967,237s,237n,
245,1967,245s,245n,
253,1967,253s,253n,
255,1967,255s,255n,
264,1967,264s,264n,
265,1967,265s,265n,
285,1967,285s,285n,
299,1967,299s,299n,
302,1967,302s,302n,
364,1967,364s,364n,
411,1967,411s,411n,
460,1967,460w,460e,
505,1967,505s,505n,
510,1967,510s,510n,
514,1967,514s,514n,
533,1967,533s,533n,
547,1967,547e,547w,
699,1967,699se,699nw,
729,1967,729s,729sw,
826,1967,826s,826n,
9,1968,9s,9n,
11,1968,11n,11s,
32,1968,32w,32e,
34,1968,34se,34ne,
74,1968,74ne,74se,
91,1968,91se,91ne,
112,1968,112s,112n,
121,1968,121sw,121ne,
122,1968,122sw,122ne,
133,1968,133ne,133sw,
135,1968,135nw,135se,
144,1968,144se,144nw,
174,1968,174s,174n,
176,1968,176se,176ne,
177,1968,177nw,177se,
178,1968,178s,178n,
179,1968,179s,179n,
187,1968,187n,187s,
193,1968,193s,193n,
223,1968,223sw,223ne,
224,1968,224s,224s,
237,1968,237s,237n,
245,1968,245s,245n,
253,1968,253s,253n,
255,1968,255s,255n,
264,1968,264s,264n,
265,1968,265s,265n,
285,1968,285s,285n,
299,1968,299s,299n,
302,1968,302s,302n,
364,1968,364s,364n,
411,1968,411s,411n,
460,1968,460w,460e,
505,1968,505s,505n,
510,1968,510s,510n,
514,1968,514s,514n,
533,1968,533s,533n,
547,1968,547e,547w,
699,1968,699se,699nw,
729,1968,729s,729sw,
826,1968,826s,826n,
9,1969,9s,9n,
11,1969,11n,11s,
32,1969,32w,32e,
34,1969,34se,34ne,
74,1969,74ne,74se,
91,1969,91se,91ne,
112,1969,112s,112n,
121,1969,121sw,121ne,
122,1969,122sw,122ne,
133,1969,133ne,133sw,
135,1969,135nw,135se,
142,1969,142sw,142ne,
144,1969,144se,144nw,
160,1969,160s,160n,
174,1969,174s,174n,
176,1969,176se,176ne,
177,1969,177nw,177se,
178,1969,178s,178n,
179,1969,179s,179n,
187,1969,187n,187s,
193,1969,193s,193n,
223,1969,223sw,223ne,
224,1969,224s,224s,
237,1969,237s,237n,
245,1969,245s,245n,
253,1969,253s,253n,
255,1969,255s,255n,
264,1969,264s,264n,
264.5,1969,264.5S?,264.5N?,
265,1969,265s,265n,
285,1969,285s,285n,
299,1969,299s,299n,
302,1969,302s,302n,
364,1969,364s,364n,
411,1969,411s,411n,
451,1969,451s,451n,
460,1969,460w,460e,
505,1969,505s,505n,
510,1969,510s,510n,
514,1969,514s,514n,
533,1969,533s,533n,
547,1969,547e,547w,
699,1969,699se,699nw,
729,1969,729s,729sw,
826,1969,826s,826n,
9,1970,9s,9n,
11,1970,11n,11s,
32,1970,32w,32e,
34,1970,34se,34ne,
74,1970,74ne,74se,
91,1970,91se,91ne,
112,1970,112s,112n,
121,1970,121sw,121ne,
122,1970,122sw,122ne,
133,1970,133ne,133sw,
135,1970,135nw,135se,
142,1970,142sw,142ne,
144,1970,144se,144nw,
160,1970,160s,160n,
174,1970,174s,174n,
176,1970,176se,176ne,
177,1970,177nw,177se,
178,1970,178s,178n,
179,1970,179s,179n,
187,1970,187n,187s,
193,1970,193s,193n,
223,1970,223sw,223ne,
224,1970,224s,224s,
237,1970,237s,237n,
245,1970,245s,245n,
253,1970,253s,253n,
255,1970,255s,255n,
264,1970,264s,264n,
264.5,1970,264.5S?,264.5N?,
265,1970,265s,265n,
285,1970,285s,285n,
299,1970,299s,299n,
302,1970,302s,302n,
364,1970,364s,364n,
411,1970,411s,411n,
451,1970,451s,451n,
460,1970,460w,460e,
505,1970,505s,505n,
510,1970,510s,510n,
514,1970,514s,514n,
533,1970,533s,533n,
547,1970,547e,547w,
699,1970,699se,699nw,
729,1970,729s,729sw,
826,1970,826s,826n,
9,1971,9s,9n,
11,1971,11n,11s,
32,1971,32w,32e,
34,1971,34se,34ne,
74,1971,74ne,74se,
91,1971,91se,91ne,
112,1971,112s,112n,
121,1971,121sw,121ne,
122,1971,122sw,122ne,
133,1971,133ne,133sw,
135,1971,135nw,135se,
142,1971,142sw,142ne,
144,1971,144se,144nw,
160,1971,160s,160n,
174,1971,174s,174n,
176,1971,176se,176ne,
177,1971,177nw,177se,
178,1971,178s,178n,
179,1971,179s,179n,
187,1971,187n,187s,
193,1971,193s,193n,
223,1971,223sw,223ne,
224,1971,224s,224s,
237,1971,237s,237n,
245,1971,245s,245n,
253,1971,253s,253n,
255,1971,255s,255n,
264,1971,264s,264n,
264.5,1971,264.5S?,264.5N?,
265,1971,265s,265n,
285,1971,285s,285n,
299,1971,299s,299n,
302,1971,302s,302n,
364,1971,364s,364n,
411,1971,411s,411n,
451,1971,451s,451n,
460,1971,460w,460e,
505,1971,505s,505n,
510,1971,510s,510n,
514,1971,514s,514n,
533,1971,533s,533n,
547,1971,547e,547w,
699,1971,699se,699nw,
729,1971,729s,729sw,
9,1972,9s,9n,
11,1972,11n,11s,
32,1972,32w,32e,
34,1972,34se,34ne,
74,1972,74ne,74se,
91,1972,91se,91ne,
97,1972,97nw,97se,
112,1972,112s,112n,
121,1972,121sw,121ne,
122,1972,122sw,122ne,
133,1972,133ne,133sw,
135,1972,135nw,135se,
142,1972,142sw,142ne,
144,1972,144se,144nw,
160,1972,160s,160n,
174,1972,174s,174n,
176,1972,176se,176ne,
177,1972,177nw,177se,
178,1972,178s,178n,
179,1972,179s,179n,
187,1972,187n,187s,
193,1972,193s,193n,
223,1972,223sw,223ne,
224,1972,224s,224s,
237,1972,237s,237n,
245,1972,245s,245n,
253,1972,253s,253n,
255,1972,255s,255n,
258,1972,258s,258n,
264,1972,264s,264n,
264.5,1972,264.5S?,264.5N?,
265,1972,265s,265n,
285,1972,285s,285n,
299,1972,299s,299n,
302,1972,302s,302n,
364,1972,364s,364n,
411,1972,411s,411n,
451,1972,451s,451n,
460,1972,460w,460e,
505,1972,505s,505n,
510,1972,510s,510n,
514,1972,514s,514n,
533,1972,533s,533n,
547,1972,547e,547w,
699,1972,699se,699nw,
729,1972,729s,729sw,
9,1973,9s,9n,
11,1973,11n,11s,
32,1973,32w,32e,
34,1973,34se,34ne,
74,1973,74ne,74se,
91,1973,91se,91ne,
97,1973,97nw,97se,
112,1973,112s,112n,
121,1973,121sw,121ne,
122,1973,122sw,122ne,
133,1973,133ne,133sw,
135,1973,135nw,135se,
142,1973,142sw,142ne,
144,1973,144se,144nw,
160,1973,160s,160n,
174,1973,174s,174n,
176,1973,176se,176ne,
177,1973,177nw,177se,
178,1973,178s,178n,
179,1973,179s,179n,
187,1973,187n,187s,
193,1973,193s,193n,
223,1973,223sw,223ne,
224,1973,224s,224s,
237,1973,237s,237n,
245,1973,245s,245n,
253,1973,253s,253n,
255,1973,255s,255n,
258,1973,258s,258n,
264,1973,264s,264n,
264.5,1973,264.5S?,264.5N?,
265,1973,265s,265n,
285,1973,285s,285n,
299,1973,299s,299n,
302,1973,302s,302n,
364,1973,364s,364n,
411,1973,411s,411n,
451,1973,451s,451n,
460,1973,460w,460e,
505,1973,505s,505n,
510,1973,510s,510n,
514,1973,514s,514n,
533,1973,533s,533n,
547,1973,547e,547w,
699,1973,699se,699nw,
729,1973,729s,729sw,
9,1974,9s,9n,
11,1974,11n,11s,
32,1974,32w,32e,
34,1974,34se,34ne,
74,1974,74ne,74se,
91,1974,91se,91ne,
97,1974,97nw,97se,
112,1974,112s,112n,
121,1974,121sw,121ne,
122,1974,122sw,122ne,
133,1974,133ne,133sw,
135,1974,135nw,135se,
142,1974,142sw,142ne,
144,1974,144se,144nw,
152,1974,152se,152nw,
160,1974,160s,160n,
174,1974,174s,174n,
176,1974,176se,176ne,
177,1974,177nw,177se,
178,1974,178s,178n,
179,1974,179s,179n,
187,1974,187n,187s,
193,1974,193s,193n,
223,1974,223sw,223ne,
224,1974,224s,224s,
237,1974,237s,237n,
245,1974,245s,245n,
253,1974,253s,253n,
255,1974,255s,255n,
258,1974,258s,258n,
264,1974,264s,264n,
264.5,1974,264.5S?,264.5N?,
265,1974,265s,265n,
285,1974,285s,285n,
299,1974,299s,299n,
302,1974,302s,302n,
364,1974,364s,364n,
411,1974,411s,411n,
451,1974,451s,451n,
460,1974,460w,460e,
505,1974,505s,505n,
510,1974,510s,510n,
514,1974,514s,514n,
533,1974,533s,533n,
547,1974,547e,547w,
611,1974,611se,611nw,
699,1974,699se,699nw,
729,1974,729s,729sw,
9,1975,9s,9n,
11,1975,11n,11s,
32,1975,32w,32e,
34,1975,34se,34ne,
74,1975,74ne,74se,
91,1975,91se,91ne,
97,1975,97nw,97se,
112,1975,112s,112n,
121,1975,121sw,121ne,
122,1975,122sw,122ne,
133,1975,133ne,133sw,
135,1975,135nw,135se,
142,1975,142sw,142ne,
144,1975,144se,144nw,
152,1975,152se,152nw,
160,1975,160s,160n,
174,1975,174s,174n,
176,1975,176se,176ne,
177,1975,177nw,177se,
178,1975,178s,178n,
179,1975,179s,179n,
187,1975,187n,187s,
193,1975,193s,193n,
223,1975,223sw,223ne,
224,1975,224s,224s,
237,1975,237s,237n,
245,1975,245s,245n,
253,1975,253s,253n,
255,1975,255s,255n,
258,1975,258s,258n,
264,1975,264s,264n,
264.5,1975,264.5S?,264.5N?,
265,1975,265s,265n,
285,1975,285s,285n,
299,1975,299s,299n,
302,1975,302s,302n,
364,1975,364s,364n,
411,1975,411s,411n,
451,1975,451s,451n,
460,1975,460w,460e,
505,1975,505s,505n,
510,1975,510s,510n,
514,1975,514s,514n,
533,1975,533s,533n,
547,1975,547e,547w,
611,1975,611se,611nw,
699,1975,699se,699nw,
729,1975,729s,729sw,
9,1976,9s,9n,
11,1976,11n,11s,
32,1976,32w,32e,
34,1976,34se,34ne,
66,1976,66se,66nw,
74,1976,74ne,74se,
79,1976,79n,79s,
91,1976,91se,91ne,
97,1976,97nw,97se,
112,1976,112s,112n,
121,1976,121sw,121ne,
122,1976,122sw,122ne,
133,1976,133ne,133sw,
135,1976,135nw,135se,
142,1976,142sw,142ne,
144,1976,144se,144nw,
152,1976,152se,152nw,
160,1976,160s,160n,
174,1976,174s,174n,
176,1976,176se,176ne,
177,1976,177nw,177se,
178,1976,178s,178n,
179,1976,179s,179n,
185,1976,185s,185n,
187,1976,187n,187s,
193,1976,193s,193n,
223,1976,223sw,223ne,
224,1976,224s,224s,
233,1976,233s,233n,
237,1976,237s,237n,
245,1976,245s,245n,
253,1976,253s,253n,
255,1976,255s,255n,
258,1976,258s,258n,
264,1976,264s,264n,
264.5,1976,264.5S?,264.5N?,
265,1976,265s,265n,
285,1976,285s,285n,
299,1976,299s,299n,
302,1976,302s,302n,
364,1976,364s,364n,
411,1976,411s,411n,
451,1976,451s,451n,
460,1976,460w,460e,
505,1976,505s,505n,
510,1976,510s,510n,
514,1976,514s,514n,
533,1976,533s,533n,
547,1976,547e,547w,
611,1976,611se,611nw,
699,1976,699se,699nw,
729,1976,729s,729sw,
9,1977,9s,9n,
11,1977,11n,11s,
32,1977,32w,32e,
34,1977,34se,34ne,
66,1977,66se,66nw,
74,1977,74ne,74se,
79,1977,79n,79s,
91,1977,91se,91ne,
97,1977,97nw,97se,
112,1977,112s,112n,
121,1977,121sw,121ne,
122,1977,122sw,122ne,
133,1977,133ne,133sw,
135,1977,135nw,135se,
142,1977,142sw,142ne,
144,1977,144se,144nw,
152,1977,152se,152nw,
160,1977,160s,160n,
174,1977,174s,174n,
176,1977,176se,176ne,
177,1977,177nw,177se,
178,1977,178s,178n,
179,1977,179s,179n,
185,1977,185s,185n,
187,1977,187n,187s,
193,1977,193s,193n,
223,1977,223sw,223ne,
224,1977,224s,224s,
233,1977,233s,233n,
237,1977,237s,237n,
245,1977,245s,245n,
253,1977,253s,253n,
255,1977,255s,255n,
258,1977,258s,258n,
264,1977,264s,264n,
264.5,1977,264.5S?,264.5N?,
265,1977,265s,265n,
285,1977,285s,285n,
299,1977,299s,299n,
302,1977,302s,302n,
364,1977,364s,364n,
411,1977,411s,411n,
451,1977,451s,451n,
460,1977,460w,460e,
505,1977,505s,505n,
510,1977,510s,510n,
514,1977,514s,514n,
533,1977,533s,533n,
547,1977,547e,547w,
611,1977,611se,611nw,
699,1977,699se,699nw,
729,1977,729s,729sw,
9,1978,9s,9n,
11,1978,11n,11s,
32,1978,32w,32e,
34,1978,34se,34ne,
66,1978,66se,66nw,
74,1978,74ne,74se,
79,1978,79n,79s,
91,1978,91se,91ne,
97,1978,97nw,97se,
112,1978,112s,112n,
121,1978,121sw,121ne,
122,1978,122sw,122ne,
133,1978,133ne,133sw,
135,1978,135nw,135se,
142,1978,142sw,142ne,
144,1978,144se,144nw,
152,1978,152se,152nw,
160,1978,160s,160n,
174,1978,174s,174n,
176,1978,176se,176ne,
177,1978,177nw,177se,
178,1978,178s,178n,
179,1978,179s,179n,
185,1978,185s,185n,
187,1978,187n,187s,
193,1978,193s,193n,
223,1978,223sw,223ne,
224,1978,224s,224s,
233,1978,233s,233n,
245,1978,245s,245n,
253,1978,253s,253n,
255,1978,255s,255n,
258,1978,258s,258n,
264,1978,264s,264n,
264.5,1978,264.5S?,264.5N?,
265,1978,265s,265n,
285,1978,285s,285n,
299,1978,299s,299n,
302,1978,302s,302n,
364,1978,364s,364n,
411,1978,411s,411n,
451,1978,451s,451n,
460,1978,460w,460e,
505,1978,505s,505n,
510,1978,510s,510n,
514,1978,514s,514n,
533,1978,533s,533n,
547,1978,547e,547w,
611,1978,611se,611nw,
699,1978,699se,699nw,
729,1978,729s,729sw,
9,1979,9s,9n,
11,1979,11n,11s,
32,1979,32w,32e,
34,1979,34se,34ne,
38,1979,38nw,38se,
66,1979,66se,66nw,
74,1979,74ne,74se,
79,1979,79n,79s,
91,1979,91se,91ne,
97,1979,97nw,97se,
112,1979,112s,112n,
121,1979,121sw,121ne,
122,1979,122sw,122ne,
133,1979,133ne,133sw,
135,1979,135nw,135se,
142,1979,142sw,142ne,
144,1979,144se,144nw,
152,1979,152se,152nw,
160,1979,160s,160n,
174,1979,174s,174n,
176,1979,176se,176ne,
177,1979,177nw,177se,
179,1979,179s,179n,
185,1979,185s,185n,
187,1979,187n,187s,
193,1979,193s,193n,
223,1979,223sw,223ne,
224,1979,224s,224s,
233,1979,233s,233n,
245,1979,245s,245n,
253,1979,253s,253n,
255,1979,255s,255n,
258,1979,258s,258n,
264,1979,264s,264n,
264.5,1979,264.5S?,264.5N?,
265,1979,265s,265n,
285,1979,285s,285n,
299,1979,299s,299n,
302,1979,302s,302n,
354,1979,354s,354n,
364,1979,364s,364n,
411,1979,411s,411n,
451,1979,451s,451n,
460,1979,460w,460e,
505,1979,505s,505n,
510,1979,510s,510n,
514,1979,514s,514n,
533,1979,533s,533n,
547,1979,547e,547w,
611,1979,611se,611nw,
699,1979,699se,699nw,
729,1979,729s,729sw,
9,1980,9s,9n,
11,1980,11n,11s,
32,1980,32w,32e,
34,1980,34se,34ne,
38,1980,38nw,38se,
66,1980,66se,66nw,
74,1980,74ne,74se,
79,1980,79n,79s,
84,1980,84s,84n,
91,1980,91se,91ne,
97,1980,97nw,97se,
112,1980,112s,112n,
121,1980,121sw,121ne,
122,1980,122sw,122ne,
133,1980,133ne,133sw,
135,1980,135nw,135se,
142,1980,142sw,142ne,
144,1980,144se,144nw,
152,1980,152se,152nw,
160,1980,160s,160n,
174,1980,174s,174n,
176,1980,176se,176ne,
177,1980,177nw,177se,
179,1980,179s,179n,
185,1980,185s,185n,
187,1980,187n,187s,
193,1980,193s,193n,
223,1980,223sw,223ne,
224,1980,224s,224s,
233,1980,233s,233n,
245,1980,245s,245n,
253,1980,253s,253n,
255,1980,255s,255n,
258,1980,258s,258n,
264,1980,264s,264n,
264.5,1980,264.5S?,264.5N?,
265,1980,265s,265n,
285,1980,285s,285n,
299,1980,299s,299n,
302,1980,302s,302n,
354,1980,354s,354n,
364,1980,364s,364n,
411,1980,411s,411n,
451,1980,451s,451n,
460,1980,460w,460e,
505,1980,505s,505n,
510,1980,510s,510n,
514,1980,514s,514n,
533,1980,533s,533n,
547,1980,547e,547w,
611,1980,611se,611nw,
699,1980,699se,699nw,
729,1980,729s,729sw,
9,1981,9s,9n,
11,1981,11n,11s,
32,1981,32w,32e,
34,1981,34se,34ne,
38,1981,38nw,38se,
66,1981,66se,66nw,
74,1981,74ne,74se,
79,1981,79n,79s,
84,1981,84s,84n,
91,1981,91se,91ne,
97,1981,97nw,97se,
112,1981,112s,112n,
121,1981,121sw,121ne,
122,1981,122sw,122ne,
133,1981,133ne,133sw,
135,1981,135nw,135se,
142,1981,142sw,142ne,
144,1981,144se,144nw,
152,1981,152se,152nw,
160,1981,160s,160n,
171,1981,171s,171n,
174,1981,174s,174n,
176,1981,176se,176ne,
177,1981,177nw,177se,
179,1981,179s,179n,
185,1981,185s,185n,
187,1981,187n,187s,
193,1981,193s,193n,
223,1981,223sw,223ne,
224,1981,224s,224s,
233,1981,233s,233n,
245,1981,245s,245n,
253,1981,253s,253n,
255,1981,255s,255n,
258,1981,258s,258n,
264,1981,264s,264n,
264.5,1981,264.5S?,264.5N?,
265,1981,265s,265n,
285,1981,285s,285n,
302,1981,302s,302n,
354,1981,354s,354n,
364,1981,364s,364n,
411,1981,411s,411n,
451,1981,451s,451n,
460,1981,460w,460e,
505,1981,505s,505n,
510,1981,510s,510n,
514,1981,514s,514n,
533,1981,533s,533n,
547,1981,547e,547w,
611,1981,611se,611nw,
699,1981,699se,699nw,
729,1981,729s,729sw,
9,1982,9s,9n,
11,1982,11n,11s,
32,1982,32w,32e,
34,1982,34se,34ne,
38,1982,38nw,38se,
66,1982,66se,66nw,
74,1982,74ne,74se,
79,1982,79n,79s,
84,1982,84s,84n,
91,1982,91se,91ne,
97,1982,97nw,97se,
112,1982,112s,112n,
121,1982,121sw,121ne,
122,1982,122sw,122ne,
133,1982,133ne,133sw,
135,1982,135nw,135se,
142,1982,142sw,142ne,
144,1982,144se,144nw,
152,1982,152se,152nw,
160,1982,160s,160n,
171,1982,171s,171n,
174,1982,174s,174n,
176,1982,176se,176ne,
177,1982,177nw,177se,
179,1982,179s,179n,
185,1982,185s,185n,
187,1982,187n,187s,
193,1982,193s,193n,
223,1982,223sw,223ne,
224,1982,224s,224s,
233,1982,233s,233n,
245,1982,245s,245n,
253,1982,253s,253n,
255,1982,255s,255n,
258,1982,258s,258n,
264,1982,264s,264n,
264.5,1982,264.5S?,264.5N?,
265,1982,265s,265n,
285,1982,285s,285n,
302,1982,302s,302n,
347,1982,347s,347n,
354,1982,354s,354n,
364,1982,364s,364n,
411,1982,411s,411n,
451,1982,451s,451n,
460,1982,460w,460e,
505,1982,505s,505n,
510,1982,510s,510n,
514,1982,514s,514n,
533,1982,533s,533n,
547,1982,547e,547w,
611,1982,611se,611nw,
699,1982,699se,699nw,
729,1982,729s,729sw,
9,1983,9s,9n,
11,1983,11n,11s,
32,1983,32w,32e,
34,1983,34se,34ne,
38,1983,38nw,38se,
66,1983,66se,66nw,
74,1983,74ne,74se,
79,1983,79n,79s,
84,1983,84s,84n,
91,1983,91se,91ne,
97,1983,97nw,97se,
112,1983,112s,112n,
121,1983,121sw,121ne,
122,1983,122sw,122ne,
133,1983,133ne,133sw,
135,1983,135nw,135se,
142,1983,142sw,142ne,
144,1983,144se,144nw,
152,1983,152se,152nw,
160,1983,160s,160n,
171,1983,171s,171n,
174,1983,174s,174n,
176,1983,176se,176ne,
177,1983,177nw,177se,
179,1983,179s,179n,
185,1983,185s,185n,
187,1983,187n,187s,
193,1983,193s,193n,
223,1983,223sw,223ne,
224,1983,224s,224s,
233,1983,233s,233n,
245,1983,245s,245n,
253,1983,253s,253n,
255,1983,255s,255n,
258,1983,258s,258n,
264,1983,264s,264n,
264.5,1983,264.5S?,264.5N?,
265,1983,265s,265n,
285,1983,285s,285n,
302,1983,302s,302n,
347,1983,347s,347n,
354,1983,354s,354n,
364,1983,364s,364n,
411,1983,411s,411n,
451,1983,451s,451n,
460,1983,460w,460e,
505,1983,505s,505n,
510,1983,510s,510n,
514,1983,514s,514n,
533,1983,533s,533n,
547,1983,547e,547w,
611,1983,611se,611nw,
699,1983,699se,699nw,
729,1983,729s,729sw,
9,1984,9s,9n,
11,1984,11n,11s,
32,1984,32w,32e,
34,1984,34se,34ne,
38,1984,38nw,38se,
66,1984,66se,66nw,
79,1984,79n,79s,
84,1984,84s,84n,
91,1984,91se,91ne,
97,1984,97nw,97se,
112,1984,112s,112n,
121,1984,121sw,121ne,
122,1984,122sw,122ne,
133,1984,133ne,133sw,
135,1984,135nw,135se,
142,1984,142sw,142ne,
144,1984,144se,144nw,
152,1984,152se,152nw,
160,1984,160s,160n,
171,1984,171s,171n,
174,1984,174s,174n,
176,1984,176se,176ne,
177,1984,177nw,177se,
179,1984,179s,179n,
185,1984,185s,185n,
187,1984,187n,187s,
193,1984,193s,193n,
223,1984,223sw,223ne,
224,1984,224s,224s,
233,1984,233s,233n,
245,1984,245s,245n,
253,1984,253s,253n,
255,1984,255s,255n,
258,1984,258s,258n,
264,1984,264s,264n,
264.5,1984,264.5S?,264.5N?,
265,1984,265s,265n,
285,1984,285s,285n,
302,1984,302s,302n,
347,1984,347s,347n,
354,1984,354s,354n,
364,1984,364s,364n,
411,1984,411s,411n,
451,1984,451s,451n,
460,1984,460w,460e,
505,1984,505s,505n,
510,1984,510s,510n,
514,1984,514s,514n,
533,1984,533s,533n,
547,1984,547e,547w,
611,1984,611se,611nw,
699,1984,699se,699nw,
729,1984,729s,729sw,
9,1985,9s,9n,
11,1985,11n,11s,
32,1985,32w,32e,
34,1985,34se,34ne,
38,1985,38nw,38se,
66,1985,66se,66nw,
79,1985,79n,79s,
84,1985,84s,84n,
91,1985,91se,91ne,
97,1985,97nw,97se,
112,1985,112s,112n,
121,1985,121sw,121ne,
122,1985,122sw,122ne,
133,1985,133ne,133sw,
135,1985,135nw,135se,
142,1985,142sw,142ne,
144,1985,144se,144nw,
152,1985,152se,152nw,
160,1985,160s,160n,
171,1985,171s,171n,
174,1985,174s,174n,
176,1985,176se,176ne,
177,1985,177nw,177se,
179,1985,179s,179n,
185,1985,185s,185n,
187,1985,187n,187s,
193,1985,193s,193n,
223,1985,223sw,223ne,
224,1985,224s,224s,
233,1985,233s,233n,
245,1985,245s,245n,
253,1985,253s,253n,
255,1985,255s,255n,
258,1985,258s,258n,
264,1985,264s,264n,
264.5,1985,264.5S?,264.5N?,
265,1985,265s,265n,
285,1985,285s,285n,
302,1985,302s,302n,
347,1985,347s,347n,
354,1985,354s,354n,
359,1985,359s,359n,
364,1985,364s,364n,
411,1985,411s,411n,
451,1985,451s,451n,
460,1985,460w,460e,
505,1985,505s,505n,
510,1985,510s,510n,
514,1985,514s,514n,
533,1985,533s,533n,
547,1985,547e,547w,
611,1985,611se,611nw,
699,1985,699se,699nw,
729,1985,729s,729sw,
9,1986,9s,9n,
11,1986,11n,11s,
32,1986,32w,32e,
34,1986,34se,34ne,
38,1986,38nw,38se,
66,1986,66se,66nw,
79,1986,79n,79s,
84,1986,84s,84n,
91,1986,91se,91ne,
97,1986,97nw,97se,
112,1986,112s,112n,
121,1986,121sw,121ne,
122,1986,122sw,122ne,
133,1986,133ne,133sw,
135,1986,135nw,135se,
142,1986,142sw,142ne,
144,1986,144se,144nw,
152,1986,152se,152nw,
160,1986,160s,160n,
171,1986,171s,171n,
174,1986,174s,174n,
176,1986,176se,176ne,
177,1986,177nw,177se,
179,1986,179s,179n,
185,1986,185s,185n,
187,1986,187n,187s,
193,1986,193s,193n,
213,1986,213s,213n,
223,1986,223sw,223ne,
224,1986,224s,224s,
233,1986,233s,233n,
245,1986,245s,245n,
253,1986,253s,253n,
255,1986,255s,255n,
258,1986,258s,258n,
264,1986,264s,264n,
264.5,1986,264.5S?,264.5N?,
265,1986,265s,265n,
285,1986,285s,285n,
302,1986,302s,302n,
347,1986,347s,347n,
354,1986,354s,354n,
359,1986,359s,359n,
364,1986,364s,364n,
411,1986,411s,411n,
451,1986,451s,451n,
460,1986,460w,460e,
505,1986,505s,505n,
510,1986,510s,510n,
514,1986,514s,514n,
533,1986,533s,533n,
547,1986,547e,547w,
611,1986,611se,611nw,
699,1986,699se,699nw,
729,1986,729s,729sw,
9,1987,9s,9n,
11,1987,11n,11s,
32,1987,32w,32e,
34,1987,34se,34ne,
38,1987,38nw,38se,
66,1987,66se,66nw,
79,1987,79n,79s,
84,1987,84s,84n,
91,1987,91se,91ne,
97,1987,97nw,97se,
112,1987,112s,112n,
121,1987,121sw,121ne,
122,1987,122sw,122ne,
133,1987,133ne,133sw,
135,1987,135nw,135se,
142,1987,142sw,142ne,
144,1987,144se,144nw,
152,1987,152se,152nw,
160,1987,160s,160n,
171,1987,171s,171n,
174,1987,174s,174n,
176,1987,176se,176ne,
177,1987,177nw,177se,
179,1987,179s,179n,
185,1987,185s,185n,
187,1987,187n,187s,
193,1987,193s,193n,
213,1987,213s,213n,
223,1987,223sw,223ne,
224,1987,224s,224s,
233,1987,233s,233n,
245,1987,245s,245n,
253,1987,253s,253n,
255,1987,255s,255n,
258,1987,258s,258n,
264,1987,264s,264n,
264.5,1987,264.5S?,264.5N?,
265,1987,265s,265n,
285,1987,285s,285n,
302,1987,302s,302n,
347,1987,347s,347n,
354,1987,354s,354n,
359,1987,359s,359n,
364,1987,364s,364n,
411,1987,411s,411n,
451,1987,451s,451n,
460,1987,460w,460e,
505,1987,505s,505n,
510,1987,510s,510n,
514,1987,514s,514n,
533,1987,533s,533n,
547,1987,547e,547w,
611,1987,611se,611nw,
699,1987,699se,699nw,
729,1987,729s,729sw,
9,1988,9s,9n,
11,1988,11n,11s,
32,1988,32w,32e,
34,1988,34se,34ne,
38,1988,38nw,38se,
66,1988,66se,66nw,
79,1988,79n,79s,
84,1988,84s,84n,
91,1988,91se,91ne,
97,1988,97nw,97se,
112,1988,112s,112n,
121,1988,121sw,121ne,
122,1988,122sw,122ne,
133,1988,133ne,133sw,
135,1988,135nw,135se,
142,1988,142sw,142ne,
144,1988,144se,144nw,
152,1988,152se,152nw,
160,1988,160s,160n,
171,1988,171s,171n,
174,1988,174s,174n,
176,1988,176se,176ne,
177,1988,177nw,177se,
179,1988,179s,179n,
185,1988,185s,185n,
187,1988,187n,187s,
193,1988,193s,193n,
213,1988,213s,213n,
223,1988,223sw,223ne,
224,1988,224s,224s,
233,1988,233s,233n,
245,1988,245s,245n,
253,1988,253s,253n,
255,1988,255s,255n,
258,1988,258s,258n,
264,1988,264s,264n,
264.5,1988,264.5S?,264.5N?,
265,1988,265s,265n,
285,1988,285s,285n,
302,1988,302s,302n,
347,1988,347s,347n,
354,1988,354s,354n,
359,1988,359s,359n,
364,1988,364s,364n,
411,1988,411s,411n,
451,1988,451s,451n,
460,1988,460w,460e,
505,1988,505s,505n,
510,1988,510s,510n,
514,1988,514s,514n,
533,1988,533s,533n,
547,1988,547e,547w,
611,1988,611se,611nw,
699,1988,699se,699nw,
729,1988,729s,729sw,
9,1989,9s,9n,
11,1989,11n,11s,
32,1989,32w,32e,
34,1989,34se,34ne,
38,1989,38nw,38se,
66,1989,66se,66nw,
79,1989,79n,79s,
84,1989,84s,84n,
91,1989,91se,91ne,
97,1989,97nw,97se,
112,1989,112s,112n,
121,1989,121sw,121ne,
122,1989,122sw,122ne,
133,1989,133ne,133sw,
135,1989,135nw,135se,
142,1989,142sw,142ne,
144,1989,144se,144nw,
152,1989,152se,152nw,
160,1989,160s,160n,
171,1989,171s,171n,
174,1989,174s,174n,
176,1989,176se,176ne,
177,1989,177nw,177se,
179,1989,179s,179n,
185,1989,185s,185n,
187,1989,187n,187s,
193,1989,193s,193n,
213,1989,213s,213n,
223,1989,223sw,223ne,
224,1989,224s,224s,
233,1989,233s,233n,
245,1989,245s,245n,
253,1989,253s,253n,
255,1989,255s,255n,
258,1989,258s,258n,
264,1989,264s,264n,
264.5,1989,264.5S?,264.5N?,
265,1989,265s,265n,
285,1989,285s,285n,
302,1989,302s,302n,
347,1989,347s,347n,
354,1989,354s,354n,
359,1989,359s,359n,
364,1989,364s,364n,
411,1989,411s,411n,
451,1989,451s,451n,
460,1989,460w,460e,
505,1989,505s,505n,
510,1989,510s,510n,
514,1989,514s,514n,
533,1989,533s,533n,
547,1989,547e,547w,
611,1989,611se,611nw,
699,1989,699se,699nw,
729,1989,729s,729sw,
9,1990,9s,9n,
11,1990,11n,11s,
32,1990,32w,32e,
34,1990,34se,34ne,
38,1990,38nw,38se,
66,1990,66se,66nw,
79,1990,79n,79s,
84,1990,84s,84n,
91,1990,91se,91ne,
97,1990,97nw,97se,
112,1990,112s,112n,
121,1990,121sw,121ne,
122,1990,122sw,122ne,
133,1990,133ne,133sw,
135,1990,135nw,135se,
142,1990,142sw,142ne,
144,1990,144se,144nw,
152,1990,152se,152nw,
160,1990,160s,160n,
171,1990,171s,171n,
174,1990,174s,174n,
176,1990,176se,176ne,
177,1990,177nw,177se,
179,1990,179s,179n,
185,1990,185s,185n,
187,1990,187n,187s,
193,1990,193s,193n,
213,1990,213s,213n,
223,1990,223sw,223ne,
224,1990,224s,224s,
233,1990,233s,233n,
245,1990,245s,245n,
253,1990,253s,253n,
255,1990,255s,255n,
258,1990,258s,258n,
264,1990,264s,264n,
264.5,1990,264.5S?,264.5N?,
265,1990,265s,265n,
285,1990,285s,285n,
302,1990,302s,302n,
347,1990,347s,347n,
354,1990,354s,354n,
359,1990,359s,359n,
364,1990,364s,364n,
411,1990,411s,411n,
451,1990,451s,451n,
460,1990,460w,460e,
505,1990,505s,505n,
510,1990,510s,510n,
514,1990,514s,514n,
533,1990,533s,533n,
547,1990,547e,547w,
611,1990,611se,611nw,
699,1990,699se,699nw,
729,1990,729s,729sw,
9,1991,9s,9n,
11,1991,11n,11s,
32,1991,32w,32e,
34,1991,34se,34ne,
38,1991,38nw,38se,
66,1991,66se,66nw,
79,1991,79n,79s,
84,1991,84s,84n,
91,1991,91se,91ne,
95,1991,95se,95ne,
97,1991,97nw,97se,
112,1991,112s,112n,
121,1991,121sw,121ne,
122,1991,122sw,122ne,
133,1991,133ne,133sw,
135,1991,135nw,135se,
142,1991,142sw,142ne,
144,1991,144se,144nw,
152,1991,152se,152nw,
160,1991,160s,160n,
174,1991,174s,174n,
176,1991,176se,176ne,
177,1991,177nw,177se,
179,1991,179s,179n,
185,1991,185s,185n,
187,1991,187n,187s,
193,1991,193s,193n,
213,1991,213s,213n,
223,1991,223sw,223ne,
224,1991,224s,224s,
233,1991,233s,233n,
245,1991,245s,245n,
253,1991,253s,253n,
255,1991,255s,255n,
258,1991,258s,258n,
264,1991,264s,264n,
264.5,1991,264.5S?,264.5N?,
265,1991,265s,265n,
285,1991,285s,285n,
302,1991,302s,302n,
347,1991,347s,347n,
354,1991,354s,354n,
359,1991,359s,359n,
364,1991,364s,364n,
411,1991,411s,411n,
451,1991,451s,451n,
460,1991,460w,460e,
505,1991,505s,505n,
510,1991,510s,510n,
514,1991,514s,514n,
533,1991,533s,533n,
547,1991,547e,547w,
611,1991,611se,611nw,
699,1991,699se,699nw,
729,1991,729s,729sw,
9,1992,9s,9n,
11,1992,11n,11s,
32,1992,32w,32e,
34,1992,34se,34ne,
38,1992,38nw,38se,
66,1992,66se,66nw,
79,1992,79n,79s,
84,1992,84s,84n,
91,1992,91se,91ne,
95,1992,95se,95ne,
97,1992,97nw,97se,
112,1992,112s,112n,
121,1992,121sw,121ne,
122,1992,122sw,122ne,
133,1992,133ne,133sw,
135,1992,135nw,135se,
142,1992,142sw,142ne,
144,1992,144se,144nw,
152,1992,152se,152nw,
160,1992,160s,160n,
174,1992,174s,174n,
176,1992,176se,176ne,
177,1992,177nw,177se,
179,1992,179s,179n,
185,1992,185s,185n,
187,1992,187n,187s,
193,1992,193s,193n,
213,1992,213s,213n,
223,1992,223sw,223ne,
224,1992,224s,224s,
233,1992,233s,233n,
245,1992,245s,245n,
253,1992,253s,253n,
255,1992,255s,255n,
258,1992,258s,258n,
264,1992,264s,264n,
264.5,1992,264.5S?,264.5N?,
265,1992,265s,265n,
285,1992,285s,285n,
302,1992,302s,302n,
347,1992,347s,347n,
354,1992,354s,354n,
359,1992,359s,359n,
364,1992,364s,364n,
411,1992,411s,411n,
451,1992,451s,451n,
460,1992,460w,460e,
505,1992,505s,505n,
510,1992,510s,510n,
514,1992,514s,514n,
533,1992,533s,533n,
547,1992,547e,547w,
611,1992,611se,611nw,
699,1992,699se,699nw,
729,1992,729s,729sw,
9,1993,9s,9n,
11,1993,11n,11s,
32,1993,32w,32e,
34,1993,34se,34ne,
38,1993,38nw,38se,
66,1993,66se,66nw,
79,1993,79n,79s,
84,1993,84s,84n,
91,1993,91se,91ne,
95,1993,95se,95ne,
97,1993,97nw,97se,
112,1993,112s,112n,
121,1993,121sw,121ne,
122,1993,122sw,122ne,
133,1993,133ne,133sw,
135,1993,135nw,135se,
142,1993,142sw,142ne,
144,1993,144se,144nw,
152,1993,152se,152nw,
160,1993,160s,160n,
174,1993,174s,174n,
176,1993,176se,176ne,
177,1993,177nw,177se,
179,1993,179s,179n,
185,1993,185s,185n,
187,1993,187n,187s,
193,1993,193s,193n,
213,1993,213s,213n,
223,1993,223sw,223ne,
224,1993,224s,224s,
233,1993,233s,233n,
245,1993,245s,245n,
253,1993,253s,253n,
255,1993,255s,255n,
258,1993,258s,258n,
264,1993,264s,264n,
264.5,1993,264.5S?,264.5N?,
265,1993,265s,265n,
285,1993,285s,285n,
302,1993,302s,302n,
347,1993,347s,347n,
354,1993,354s,354n,
359,1993,359s,359n,
364,1993,364s,364n,
411,1993,411s,411n,
451,1993,451s,451n,
460,1993,460w,460e,
505,1993,505s,505n,
510,1993,510s,510n,
514,1993,514s,514n,
533,1993,533s,533n,
547,1993,547e,547w,
611,1993,611se,611nw,
699,1993,699se,699nw,
729,1993,729s,729sw,
9,1994,9s,9n,
11,1994,11n,11s,
32,1994,32w,32e,
34,1994,34se,34ne,
38,1994,38nw,38se,
66,1994,66se,66nw,
79,1994,79n,79s,
84,1994,84s,84n,
91,1994,91se,91ne,
95,1994,95se,95ne,
97,1994,97nw,97se,
112,1994,112s,112n,
121,1994,121sw,121ne,
122,1994,122sw,122ne,
133,1994,133ne,133sw,
135,1994,135nw,135se,
142,1994,142sw,142ne,
144,1994,144se,144nw,
152,1994,152se,152nw,
160,1994,160s,160n,
174,1994,174s,174n,
176,1994,176se,176ne,
177,1994,177nw,177se,
179,1994,179s,179n,
185,1994,185s,185n,
187,1994,187n,187s,
193,1994,193s,193n,
213,1994,213s,213n,
223,1994,223sw,223ne,
224,1994,224s,224s,
233,1994,233s,233n,
245,1994,245s,245n,
253,1994,253s,253n,
258,1994,258s,258n,
264,1994,264s,264n,
264.5,1994,264.5S?,264.5N?,
265,1994,265s,265n,
285,1994,285s,285n,
302,1994,302s,302n,
347,1994,347s,347n,
354,1994,354s,354n,
359,1994,359s,359n,
364,1994,364s,364n,
411,1994,411s,411n,
451,1994,451s,451n,
460,1994,460w,460e,
505,1994,505s,505n,
510,1994,510s,510n,
514,1994,514s,514n,
533,1994,533s,533n,
547,1994,547e,547w,
611,1994,611se,611nw,
699,1994,699se,699nw,
729,1994,729s,729sw,
9,1995,9s,9n,
11,1995,11n,11s,
32,1995,32w,32e,
34,1995,34se,34ne,
38,1995,38nw,38se,
66,1995,66se,66nw,
79,1995,79n,79s,
84,1995,84s,84n,
91,1995,91se,91ne,
95,1995,95se,95ne,
97,1995,97nw,97se,
112,1995,112s,112n,
121,1995,121sw,121ne,
122,1995,122sw,122ne,
133,1995,133ne,133sw,
135,1995,135nw,135se,
142,1995,142sw,142ne,
144,1995,144se,144nw,
152,1995,152se,152nw,
160,1995,160s,160n,
174,1995,174s,174n,
176,1995,176se,176ne,
177,1995,177nw,177se,
185,1995,185s,185n,
187,1995,187n,187s,
193,1995,193s,193n,
213,1995,213s,213n,
223,1995,223sw,223ne,
224,1995,224s,224s,
233,1995,233s,233n,
245,1995,245s,245n,
253,1995,253s,253n,
258,1995,258s,258n,
264,1995,264s,264n,
264.5,1995,264.5S?,264.5N?,
265,1995,265s,265n,
285,1995,285s,285n,
302,1995,302s,302n,
347,1995,347s,347n,
354,1995,354s,354n,
359,1995,359s,359n,
364,1995,364s,364n,
411,1995,411s,411n,
451,1995,451s,451n,
460,1995,460w,460e,
505,1995,505s,505n,
510,1995,510s,510n,
514,1995,514s,514n,
533,1995,533s,533n,
547,1995,547e,547w,
611,1995,611se,611nw,
699,1995,699se,699nw,
729,1995,729s,729sw,
9,1996,9s,9n,
11,1996,11n,11s,
32,1996,32w,32e,
34,1996,34se,34ne,
38,1996,38nw,38se,
66,1996,66se,66nw,
79,1996,79n,79s,
84,1996,84s,84n,
91,1996,91se,91ne,
95,1996,95se,95ne,
97,1996,97nw,97se,
112,1996,112s,112n,
121,1996,121sw,121ne,
122,1996,122sw,122ne,
133,1996,133ne,133sw,
135,1996,135nw,135se,
142,1996,142sw,142ne,
144,1996,144se,144nw,
152,1996,152se,152nw,
160,1996,160s,160n,
174,1996,174s,174n,
176,1996,176se,176ne,
177,1996,177nw,177se,
185,1996,185s,185n,
187,1996,187n,187s,
193,1996,193s,193n,
213,1996,213s,213n,
223,1996,223sw,223ne,
224,1996,224s,224s,
233,1996,233s,233n,
245,1996,245s,245n,
253,1996,253s,253n,
258,1996,258s,258n,
264,1996,264s,264n,
264.5,1996,264.5S?,264.5N?,
265,1996,265s,265n,
285,1996,285s,285n,
302,1996,302s,302n,
347,1996,347s,347n,
354,1996,354s,354n,
359,1996,359s,359n,
364,1996,364s,364n,
411,1996,411s,411n,
451,1996,451s,451n,
460,1996,460w,460e,
505,1996,505s,505n,
510,1996,510s,510n,
514,1996,514s,514n,
547,1996,547e,547w,
611,1996,611se,611nw,
699,1996,699se,699nw,
729,1996,729s,729sw,
9,1997,9s,9n,
11,1997,11n,11s,
32,1997,32w,32e,
34,1997,34se,34ne,
38,1997,38nw,38se,
66,1997,66se,66nw,
79,1997,79n,79s,
84,1997,84s,84n,
91,1997,91se,91ne,
95,1997,95se,95ne,
97,1997,97nw,97se,
112,1997,112s,112n,
121,1997,121sw,121ne,
122,1997,122sw,122ne,
133,1997,133ne,133sw,
135,1997,135nw,135se,
142,1997,142sw,142ne,
144,1997,144se,144nw,
152,1997,152se,152nw,
160,1997,160s,160n,
174,1997,174s,174n,
176,1997,176se,176ne,
177,1997,177nw,177se,
185,1997,185s,185n,
187,1997,187n,187s,
193,1997,193s,193n,
213,1997,213s,213n,
223,1997,223sw,223ne,
224,1997,224s,224s,
245,1997,245s,245n,
264,1997,264s,264n,
264.5,1997,264.5S?,264.5N?,
265,1997,265s,265n,
285,1997,285s,285n,
302,1997,302s,302n,
347,1997,347s,347n,
354,1997,354s,354n,
359,1997,359s,359n,
364,1997,364s,364n,
411,1997,411s,411n,
451,1997,451s,451n,
460,1997,460w,460e,
505,1997,505s,505n,
510,1997,510s,510n,
514,1997,514s,514n,
547,1997,547e,547w,
611,1997,611se,611nw,
699,1997,699se,699nw,
729,1997,729s,729sw,
9,1998,9s,9n,
11,1998,11n,11s,
32,1998,32w,32e,
34,1998,34se,34ne,
38,1998,38nw,38se,
79,1998,79n,79s,
84,1998,84s,84n,
91,1998,91se,91ne,
95,1998,95se,95ne,
97,1998,97nw,97se,
112,1998,112s,112n,
121,1998,121sw,121ne,
122,1998,122sw,122ne,
133,1998,133ne,133sw,
135,1998,135nw,135se,
142,1998,142sw,142ne,
144,1998,144se,144nw,
152,1998,152se,152nw,
160,1998,160s,160n,
174,1998,174s,174n,
176,1998,176se,176ne,
177,1998,177nw,177se,
185,1998,185s,185n,
187,1998,187n,187s,
193,1998,193s,193n,
213,1998,213s,213n,
223,1998,223sw,223ne,
224,1998,224s,224s,
245,1998,245s,245n,
264,1998,264s,264n,
264.5,1998,264.5S?,264.5N?,
265,1998,265s,265n,
285,1998,285s,285n,
302,1998,302s,302n,
347,1998,347s,347n,
354,1998,354s,354n,
359,1998,359s,359n,
364,1998,364s,364n,
411,1998,411s,411n,
451,1998,451s,451n,
460,1998,460w,460e,
505,1998,505s,505n,
510,1998,510s,510n,
514,1998,514s,514n,
547,1998,547e,547w,
611,1998,611se,611nw,
729,1998,729s,729sw,
9,1999,9s,9n,
11,1999,11n,11s,
32,1999,32w,32e,
34,1999,34se,34ne,
38,1999,38nw,38se,
84,1999,84s,84n,
91,1999,91se,91ne,
97,1999,97nw,97se,
112,1999,112s,112n,
121,1999,121sw,121ne,
122,1999,122sw,122ne,
133,1999,133ne,133sw,
135,1999,135nw,135se,
142,1999,142sw,142ne,
144,1999,144se,144nw,
152,1999,152se,152nw,
160,1999,160s,160n,
174,1999,174s,174n,
176,1999,176se,176ne,
177,1999,177nw,177se,
185,1999,185s,185n,
187,1999,187n,187s,
193,1999,193s,193n,
213,1999,213s,213n,
223,1999,223sw,223ne,
224,1999,224s,224s,
245,1999,245s,245n,
264,1999,264s,264n,
264.5,1999,264.5S?,264.5N?,
265,1999,265s,265n,
285,1999,285s,285n,
302,1999,302s,302n,
347,1999,347s,347n,
354,1999,354s,354n,
359,1999,359s,359n,
364,1999,364s,364n,
411,1999,411s,411n,
451,1999,451s,451n,
460,1999,460w,460e,
505,1999,505s,505n,
510,1999,510s,510n,
514,1999,514s,514n,
547,1999,547e,547w,
611,1999,611se,611nw,
729,1999,729s,729sw,
9,2000,9s,9n,
11,2000,11n,11s,
32,2000,32w,32e,
34,2000,34se,34ne,
38,2000,38nw,38se,
91,2000,91se,91ne,
97,2000,97nw,97se,
112,2000,112s,112n,
121,2000,121sw,121ne,
122,2000,122sw,122ne,
133,2000,133ne,133sw,
135,2000,135nw,135se,
142,2000,142sw,142ne,
144,2000,144se,144nw,
152,2000,152se,152nw,
160,2000,160s,160n,
174,2000,174s,174n,
176,2000,176se,176ne,
177,2000,177nw,177se,
185,2000,185s,185n,
187,2000,187n,187s,
193,2000,193s,193n,
213,2000,213s,213n,
223,2000,223sw,223ne,
224,2000,224s,224s,
245,2000,245s,245n,
264,2000,264s,264n,
264.5,2000,264.5S?,264.5N?,
265,2000,265s,265n,
285,2000,285s,285n,
302,2000,302s,302n,
347,2000,347s,347n,
354,2000,354s,354n,
359,2000,359s,359n,
364,2000,364s,364n,
411,2000,411s,411n,
451,2000,451s,451n,
460,2000,460w,460e,
505,2000,505s,505n,
510,2000,510s,510n,
514,2000,514s,514n,
547,2000,547e,547w,
611,2000,611se,611nw,
729,2000,729s,729sw,
