性別 コード,性別,県間移動者数 コード,県間移動者数,国籍 コード,国籍,全国・都道府県・大都市4 コード,全国・都道府県・大都市4,性別,総数,0歳,1歳,2歳,3歳,4歳,5歳,6歳,7歳,8歳,9歳,10歳,11歳,12歳,13歳,14歳,15歳,16歳,17歳,18歳,19歳,20歳,21歳,22歳,23歳,24歳,25歳,26歳,27歳,28歳,29歳,30歳,31歳,32歳,33歳,34歳,35歳,36歳,37歳,38歳,39歳,40歳,41歳,42歳,43歳,44歳,45歳,46歳,47歳,48歳,49歳,50歳,51歳,52歳,53歳,54歳,55歳,56歳,57歳,58歳,59歳,60歳,61歳,62歳,63歳,64歳,65歳,66歳,67歳,68歳,69歳,70歳,71歳,72歳,73歳,74歳,75歳,76歳,77歳,78歳,79歳,80歳,81歳,82歳,83歳,84歳,85歳,86歳,87歳,88歳,89歳,90歳以上
0,総数,2,他都道府県（他市町村）への転出者数,60000,移動者（外国人含む）,0,全国,男性・女性,2535601,36464,31376,27732,23857,18886,15416,19027,11136,10888,10153,9008,6319,9788,4775,4100,10553,3954,3877,82509,49236,79228,66550,164466,116972,123464,112194,102674,94338,88729,82463,76986,70104,64129,60171,56117,50981,45366,40910,38833,36194,34024,31370,29943,29620,28302,27125,24965,23471,22265,21353,20012,17372,15765,16316,15114,13851,12352,11728,10983,10241,12292,8084,7942,7515,6871,8461,6741,6399,6445,6601,6483,5256,3242,3539,4049,3984,3876,3675,3428,3124,3441,3552,3489,3434,3375,3420,3155,2972,2778,2634,9240
0,総数,2,他都道府県（他市町村）への転出者数,60000,移動者（外国人含む）,1000,北海道,男性・女性,57409,705,616,602,553,436,375,442,328,294,266,254,183,311,155,131,290,105,96,2725,1336,2529,1699,3835,2385,2773,2291,1910,1637,1627,1479,1453,1337,1190,1219,1127,1035,935,861,863,820,760,744,762,722,720,740,691,649,571,583,547,456,450,397,408,375,299,277,282,233,262,192,143,178,154,181,172,139,131,162,132,114,75,84,103,79,82,95,62,75,74,102,85,85,70,63,81,63,66,60,171
0,総数,2,他都道府県（他市町村）への転出者数,60000,移動者（外国人含む）,2000,青森県,男性・女性,23747,264,266,231,233,191,148,183,125,139,103,105,56,112,58,43,134,37,40,2537,686,1307,834,2028,944,895,793,632,590,546,459,513,509,477,450,417,379,359,334,313,277,280,260,258,233,260,229,218,233,212,200,191,160,163,159,151,127,113,116,98,97,96,71,68,72,63,72,52,45,48,54,48,29,25,29,21,27,32,25,27,16,34,36,38,22,26,25,19,22,26,26,48
0,総数,2,他都道府県（他市町村）への転出者数,60000,移動者（外国人含む）,3000,岩手県,男性・女性,22133,274,239,244,198,180,142,151,114,126,107,93,50,94,36,25,87,26,29,2073,556,1267,766,1733,807,986,726,670,551,595,547,447,447,424,421,406,355,345,294,288,289,264,281,253,231,223,252,229,201,194,170,173,157,135,144,158,123,143,102,114,87,97,75,59,57,58,68,43,52,53,43,40,41,34,32,32,19,25,28,20,28,35,28,32,37,37,27,24,36,27,27,77
0,総数,2,他都道府県（他市町村）への転出者数,60000,移動者（外国人含む）,4000,宮城県,男性・女性,49361,709,633,580,512,442,357,414,257,259,246,202,152,233,111,82,201,53,61,2003,913,1632,1192,3508,2065,2381,2066,1828,1627,1585,1300,1357,1192,1185,1109,1082,926,829,788,785,748,701,661,667,688,579,632,567,487,516,520,513,394,378,390,363,333,302,307,268,232,273,161,130,125,125,139,98,94,74,94,99,60,31,41,31,44,45,48,33,46,31,45,36,44,43,40,33,45,33,26,91
0,総数,2,他都道府県（他市町村）への転出者数,60000,移動者（外国人含む）,5000,秋田県,男性・女性,15386,157,137,138,107,100,89,112,60,61,66,55,33,78,31,17,59,22,15,1719,462,956,508,1490,602,681,515,437,379,365,314,315,300,271,244,236,235,223,199,176,195,174,146,173,156,125,149,145,119,121,127,122,103,74,96,80,85,75,76,67,71,80,44,43,45,32,45,29,49,35,28,35,27,10,13,21,18,22,25,19,20,23,30,19,24,37,24,18,24,22,18,64
0,総数,2,他都道府県（他市町村）への転出者数,60000,移動者（外国人含む）,6000,山形県,男性・女性,16827,185,182,152,125,122,89,113,83,60,63,71,38,58,39,28,96,27,24,1595,451,960,555,1712,741,762,644,554,498,409,417,373,349,314,318,299,258,223,187,205,199,174,194,161,164,188,144,125,122,121,117,125,118,64,90,90,87,60,87,68,63,81,45,45,39,41,46,27,28,36,36,28,25,20,23,19,11,16,11,13,20,21,24,19,21,25,22,17,21,21,23,63
0,総数,2,他都道府県（他市町村）への転出者数,60000,移動者（外国人含む）,7000,福島県,男性・女性,33011,380,355,310,259,215,169,203,123,127,98,87,80,120,80,58,143,65,52,2002,694,1523,1068,2943,1503,1455,1262,1159,990,892,864,806,743,702,662,534,556,476,438,426,393,385,431,362,364,357,333,320,305,288,309,313,249,230,215,234,220,209,174,190,156,200,134,150,116,121,127,99,100,93,81,91,66,44,30,60,41,52,45,39,44,47,56,37,54,57,55,56,45,31,35,146
0,総数,2,他都道府県（他市町村）への転出者数,60000,移動者（外国人含む）,8000,茨城県,男性・女性,60239,730,656,530,446,380,292,396,222,223,195,190,141,247,89,109,267,106,110,1936,1265,2173,1827,4659,3007,3339,3002,2533,2370,2215,1958,1842,1658,1520,1359,1300,1120,1058,900,867,823,711,653,670,619,625,580,560,509,496,491,439,396,328,386,337,298,219,227,243,189,273,155,167,133,146,192,132,130,131,120,118,109,84,80,95,85,89,69,68,74,77,67,79,63,65,53,51,62,37,49,149
0,総数,2,他都道府県（他市町村）への転出者数,60000,移動者（外国人含む）,9000,栃木県,男性・女性,41493,523,484,425,361,287,244,323,158,160,138,148,90,156,55,59,168,57,66,1472,990,1571,1351,3132,2001,2137,1916,1717,1622,1599,1380,1264,1145,1050,952,924,816,714,658,570,528,539,440,490,423,451,424,346,356,331,298,288,281,219,255,197,187,180,145,167,144,191,99,97,89,111,96,87,83,73,74,80,60,41,43,53,46,42,45,35,28,23,24,37,38,43,43,38,30,31,32,109
0,総数,2,他都道府県（他市町村）への転出者数,60000,移動者（外国人含む）,10000,群馬県,男性・女性,34946,393,357,326,268,225,183,250,122,119,133,112,74,129,50,45,133,46,62,1248,663,1256,1059,3336,1771,1865,1622,1485,1253,1229,1155,1038,978,811,817,701,676,606,583,512,473,447,383,405,388,400,375,315,307,278,276,272,214,212,198,173,155,123,133,109,110,117,74,89,84,72,88,51,62,59,53,45,47,34,31,27,42,44,43,41,28,36,31,29,30,31,31,31,20,27,20,92
0,総数,2,他都道府県（他市町村）への転出者数,60000,移動者（外国人含む）,11000,埼玉県,男性・女性,164117,2235,2016,1713,1486,1079,947,1072,613,591,551,483,345,529,296,228,550,258,256,2455,2542,4076,3779,9230,8084,8286,8122,7586,7029,6620,6102,5630,5097,4550,4249,3881,3419,3079,2844,2596,2433,2223,2056,1910,1860,1811,1768,1537,1556,1362,1328,1232,1137,1006,1052,982,845,815,781,698,649,854,587,590,517,487,604,530,460,421,484,501,393,226,238,279,297,244,224,236,182,224,217,200,195,191,211,156,152,111,124,434
0,総数,2,他都道府県（他市町村）への転出者数,60000,移動者（外国人含む）,12000,千葉県,男性・女性,151860,1922,1682,1543,1323,1001,792,964,531,555,511,445,318,495,254,210,461,261,265,2571,3513,4185,4047,8829,7492,7843,7439,7005,6527,6054,5570,5256,4510,4158,3694,3547,3152,2867,2562,2292,2170,2040,1788,1683,1801,1590,1505,1478,1392,1273,1237,1130,925,924,936,833,826,684,655,600,587,684,459,489,483,400,492,422,419,366,390,396,336,207,219,242,240,197,208,224,202,207,191,202,173,180,159,158,147,123,108,433
0,総数,2,他都道府県（他市町村）への転出者数,60000,移動者（外国人含む）,13000,東京都,男性・女性,380784,6495,5002,4142,3388,2453,1971,2602,1286,1255,1151,957,636,1046,528,421,944,484,492,3459,4739,7125,7752,16544,16071,17599,17066,16759,15876,15456,14949,14076,12576,11419,10848,10163,9215,8028,7163,6788,6250,5726,5166,4639,4674,4282,4132,3772,3524,3357,3227,3029,2577,2419,2650,2407,2233,2037,1894,1814,1804,2180,1497,1396,1345,1257,1555,1295,1202,1299,1231,1211,1066,665,693,817,824,772,718,703,608,661,689,677,694,623,618,556,542,548,507,1796
0,総数,2,他都道府県（他市町村）への転出者数,60000,移動者（外国人含む）,14000,神奈川県,男性・女性,209294,3080,2691,2344,1977,1469,1176,1602,788,809,760,631,415,734,375,305,703,300,270,2751,2603,3775,3956,11094,9638,10012,9954,9361,8838,8253,7776,7279,6560,6098,5670,5224,4835,4167,3782,3587,3273,3104,2768,2674,2569,2430,2233,2117,2005,1866,1774,1626,1516,1312,1386,1324,1232,1104,1091,1000,967,1158,756,772,761,654,848,642,611,599,561,648,506,292,309,341,374,377,323,289,283,292,285,282,279,237,260,244,221,215,188,674
0,総数,2,他都道府県（他市町村）への転出者数,60000,移動者（外国人含む）,15000,新潟県,男性・女性,29501,328,306,255,237,183,171,185,126,129,107,117,78,126,52,39,137,48,43,1845,708,1644,1154,3105,1385,1545,1153,987,946,831,732,649,633,559,518,483,468,428,350,363,360,341,330,296,309,321,275,219,269,212,229,230,186,145,151,161,138,137,120,107,93,146,86,92,74,76,88,57,57,50,58,54,40,36,30,47,41,31,38,32,34,41,36,37,34,44,45,38,35,58,35,149
0,総数,2,他都道府県（他市町村）への転出者数,60000,移動者（外国人含む）,16000,富山県,男性・女性,14939,227,179,169,122,115,105,92,69,47,59,55,29,48,20,22,48,15,17,637,312,521,428,1195,738,826,694,590,531,460,473,404,366,342,335,299,309,273,215,207,200,225,188,175,202,159,159,144,135,140,111,125,113,87,89,72,78,60,71,50,56,65,33,36,29,27,37,28,26,28,30,31,26,11,15,19,17,10,12,11,9,10,16,9,19,10,23,24,13,15,21,47
0,総数,2,他都道府県（他市町村）への転出者数,60000,移動者（外国人含む）,17000,石川県,男性・女性,20913,299,257,207,194,153,133,149,103,108,87,93,66,88,47,21,67,44,31,727,439,733,567,1810,1120,1149,911,770,708,630,621,518,560,456,487,397,342,354,357,280,272,267,277,261,299,229,254,209,242,221,189,181,161,135,157,140,117,110,93,84,77,76,60,38,50,35,40,38,40,37,37,41,26,11,15,17,23,20,13,20,13,19,16,19,11,20,17,16,20,10,9,48
0,総数,2,他都道府県（他市町村）への転出者数,60000,移動者（外国人含む）,18000,福井県,男性・女性,12263,187,135,124,106,76,74,95,49,53,47,40,38,57,29,29,59,19,24,476,254,527,372,963,596,629,528,492,442,424,345,342,322,256,262,244,199,198,173,182,151,139,156,149,126,146,141,123,133,126,130,93,81,78,78,67,72,50,56,54,47,53,36,21,26,21,25,21,24,24,24,28,18,7,18,14,17,14,10,17,9,12,6,12,14,13,13,19,11,9,10,54
0,総数,2,他都道府県（他市町村）への転出者数,60000,移動者（外国人含む）,19000,山梨県,男性・女性,17152,202,170,152,124,109,95,110,67,63,61,60,38,55,22,29,91,22,34,738,353,734,602,1870,860,932,788,635,591,562,531,452,421,337,341,297,250,251,218,208,174,175,171,167,155,178,170,135,171,108,130,141,102,108,91,83,81,70,85,44,56,72,42,57,55,51,43,43,36,42,44,61,38,26,27,32,27,29,30,20,20,24,33,22,21,17,30,23,12,17,20,68
0,総数,2,他都道府県（他市町村）への転出者数,60000,移動者（外国人含む）,20000,長野県,男性・女性,32134,379,336,280,260,203,164,223,122,126,125,98,103,150,66,66,206,55,56,1825,923,1577,1165,2699,1646,1514,1325,1072,1043,933,835,775,671,665,621,564,480,451,433,404,412,385,351,354,365,360,301,331,294,289,260,251,219,189,182,180,190,171,128,136,132,163,89,109,109,77,109,69,72,80,88,71,68,50,42,45,57,42,45,53,36,38,40,42,36,44,39,38,38,33,36,156
0,総数,2,他都道府県（他市町村）への転出者数,60000,移動者（外国人含む）,21000,岐阜県,男性・女性,37257,449,368,356,292,217,165,231,116,117,143,124,86,143,72,60,193,60,58,1479,933,1366,1219,2964,1779,1963,1830,1648,1504,1405,1263,1179,1065,898,877,770,718,570,519,491,484,421,418,383,388,376,355,343,284,285,251,234,209,181,200,162,136,128,132,144,115,108,96,85,76,81,102,76,102,83,82,70,70,29,48,61,40,70,47,52,39,32,35,46,54,44,49,41,40,30,31,119
0,総数,2,他都道府県（他市町村）への転出者数,60000,移動者（外国人含む）,22000,静岡県,男性・女性,63534,813,782,722,657,529,452,476,303,272,274,272,168,277,136,108,281,84,80,2867,1408,2380,1762,4808,2872,3097,2474,2432,2229,1954,1873,1757,1650,1481,1309,1336,1185,1079,1027,985,873,846,795,725,760,733,704,618,545,596,526,521,448,364,390,333,305,302,268,255,228,270,170,182,179,156,175,130,167,139,153,146,140,76,106,118,100,109,106,96,90,89,61,76,80,67,71,71,67,68,69,221
0,総数,2,他都道府県（他市町村）への転出者数,60000,移動者（外国人含む）,23000,愛知県,男性・女性,126790,2042,1894,1731,1412,1124,901,1018,686,649,627,508,382,528,269,202,519,179,188,2763,2511,3334,3146,7022,5585,6223,5728,5344,4985,4568,4261,3992,3717,3425,3188,3044,2651,2391,2157,2132,1924,1755,1814,1648,1607,1579,1495,1399,1276,1228,1180,1063,923,829,815,734,698,601,498,534,421,565,357,331,344,271,354,261,234,262,248,218,177,112,134,126,121,132,115,100,88,94,106,97,119,90,103,94,74,95,68,253
0,総数,2,他都道府県（他市町村）への転出者数,60000,移動者（外国人含む）,24000,三重県,男性・女性,37031,481,421,349,330,282,226,262,174,181,154,132,113,134,57,82,174,66,67,1434,735,1195,1095,2539,1693,1767,1589,1441,1349,1278,1140,1094,998,955,802,743,695,636,575,538,539,494,463,430,446,454,400,387,386,367,320,301,245,249,258,228,188,199,165,187,152,189,108,123,119,96,114,98,79,76,79,81,58,37,44,63,48,49,44,44,42,37,58,44,51,48,46,48,48,35,50,141
0,総数,2,他都道府県（他市町村）への転出者数,60000,移動者（外国人含む）,25000,滋賀県,男性・女性,28944,366,345,309,265,212,185,208,101,110,100,77,55,106,48,43,134,49,64,779,601,903,760,2195,1557,1611,1385,1192,1110,993,941,853,769,657,647,571,569,502,469,434,391,369,345,331,311,333,298,254,265,271,258,220,159,169,178,154,143,142,151,128,108,131,92,98,75,81,92,63,62,93,75,65,55,33,33,43,52,40,32,30,36,35,33,31,35,34,31,30,27,20,35,99
0,総数,2,他都道府県（他市町村）への転出者数,60000,移動者（外国人含む）,26000,京都府,男性・女性,60067,816,691,637,491,440,297,462,217,200,198,177,115,197,84,91,233,82,88,1234,1041,1671,1484,4504,3066,3431,3007,2722,2409,2249,2054,1872,1719,1609,1414,1247,1182,1028,920,919,871,730,738,705,647,588,564,522,472,448,450,446,368,333,338,295,288,278,244,222,211,285,168,156,168,146,195,153,172,177,171,146,124,82,91,115,105,111,116,89,60,89,104,104,89,87,107,100,82,68,81,270
0,総数,2,他都道府県（他市町村）への転出者数,60000,移動者（外国人含む）,27000,大阪府,男性・女性,166163,2842,2352,1984,1725,1330,1001,1437,748,727,669,618,450,606,291,268,729,256,224,2590,2682,3956,3552,9452,7629,7780,7580,7118,6432,6270,5755,5513,4919,4556,4263,3933,3542,3139,2721,2635,2377,2277,2039,2004,1970,1902,1853,1723,1537,1470,1400,1313,1154,1069,1075,975,891,829,722,731,698,829,587,567,486,494,580,513,440,482,555,493,408,232,265,314,301,274,311,247,252,279,297,294,260,275,257,233,247,243,196,669
0,総数,2,他都道府県（他市町村）への転出者数,60000,移動者（外国人含む）,28000,兵庫県,男性・女性,99375,1343,1228,1048,946,736,630,782,470,441,405,359,262,425,196,210,549,174,135,2239,1649,2746,2346,7072,5040,5112,4697,4101,3809,3561,3115,2939,2616,2434,2255,2193,1963,1713,1541,1401,1386,1339,1199,1162,1154,1096,1068,990,906,858,878,723,666,589,655,581,510,459,468,402,408,441,294,302,271,304,360,252,278,267,309,278,220,135,156,175,176,185,176,163,154,170,168,161,159,174,189,172,137,139,152,480
0,総数,2,他都道府県（他市町村）への転出者数,60000,移動者（外国人含む）,29000,奈良県,男性・女性,27948,376,307,268,215,173,134,167,108,88,99,66,67,106,59,46,166,67,92,828,413,658,606,1971,1472,1484,1380,1231,1077,1000,962,830,762,690,649,549,552,459,422,371,361,360,289,293,269,275,280,229,223,224,189,223,176,205,171,158,155,145,135,122,118,125,105,110,117,82,102,98,86,83,94,130,76,42,62,69,69,63,71,64,48,46,57,67,63,54,50,52,48,54,40,151
0,総数,2,他都道府県（他市町村）への転出者数,60000,移動者（外国人含む）,30000,和歌山県,男性・女性,14936,181,178,148,130,99,80,95,64,45,55,53,36,40,24,23,134,47,46,685,241,633,468,1272,722,769,608,579,532,486,442,403,352,297,300,265,250,215,189,164,176,154,131,131,142,139,145,133,148,133,121,114,100,100,91,81,70,77,87,62,49,55,40,43,36,48,45,48,26,61,41,53,39,30,25,32,31,35,31,28,30,30,35,46,29,29,47,34,25,33,29,88
0,総数,2,他都道府県（他市町村）への転出者数,60000,移動者（外国人含む）,31000,鳥取県,男性・女性,10527,149,123,117,101,90,75,86,62,64,49,57,38,58,22,15,56,17,12,572,266,468,377,876,525,481,424,332,299,277,259,242,231,200,213,188,194,172,164,163,151,118,119,104,117,126,123,93,80,101,110,69,77,59,76,72,66,50,51,47,46,58,25,32,19,26,23,23,23,25,26,20,15,15,11,11,14,16,10,9,12,9,13,4,14,21,11,8,8,9,10,38
0,総数,2,他都道府県（他市町村）への転出者数,60000,移動者（外国人含む）,32000,島根県,男性・女性,12323,169,122,114,112,89,80,95,57,52,45,52,42,54,23,36,50,27,17,859,295,592,440,1021,491,514,441,385,316,349,311,308,250,224,235,198,210,176,186,169,177,166,140,150,141,161,151,129,98,108,90,110,85,77,76,86,75,67,72,50,47,53,27,31,40,38,33,34,20,37,25,30,20,10,22,18,24,19,26,15,19,23,33,24,27,25,32,22,18,20,17,79
0,総数,2,他都道府県（他市町村）への転出者数,60000,移動者（外国人含む）,33000,岡山県,男性・女性,33938,508,424,415,374,303,224,284,201,187,184,148,98,166,72,52,174,40,63,1349,844,1300,1024,2533,1533,1729,1425,1292,1151,1083,1011,917,821,733,664,664,635,547,496,491,446,440,415,378,376,364,367,322,329,278,292,254,211,205,210,192,194,167,147,145,115,170,89,88,83,73,91,68,71,64,76,74,78,48,49,41,50,49,40,37,35,42,50,41,42,43,44,37,40,38,38,143
0,総数,2,他都道府県（他市町村）への転出者数,60000,移動者（外国人含む）,34000,広島県,男性・女性,54085,792,715,678,586,515,434,523,356,296,295,252,177,269,103,108,257,83,73,1838,1306,1796,1476,3956,2614,2726,2250,2049,1784,1648,1625,1374,1327,1231,1187,1054,1015,965,818,773,767,735,654,703,670,616,598,595,535,561,485,449,408,363,354,342,305,237,270,235,223,223,158,137,114,128,158,109,81,100,111,107,91,52,57,69,61,54,61,53,43,57,56,59,41,47,61,58,61,42,45,162
0,総数,2,他都道府県（他市町村）への転出者数,60000,移動者（外国人含む）,35000,山口県,男性・女性,26152,334,301,285,240,211,170,207,138,142,117,126,79,129,51,52,130,49,33,1721,813,1232,943,2104,1303,1222,1006,955,768,706,636,571,536,496,457,462,431,369,320,370,292,291,281,266,281,294,287,245,235,224,216,170,173,149,166,157,153,100,114,101,91,109,70,74,69,44,81,64,58,57,73,55,44,32,27,27,40,46,40,43,34,33,41,46,42,39,54,43,51,32,40,143
0,総数,2,他都道府県（他市町村）への転出者数,60000,移動者（外国人含む）,36000,徳島県,男性・女性,12041,174,139,139,116,88,77,85,61,47,49,49,34,53,37,18,68,11,13,587,298,518,407,1004,547,640,507,459,388,336,322,304,306,261,218,219,214,188,168,162,141,143,151,147,154,145,141,111,121,105,98,100,105,62,76,53,56,51,53,46,46,55,23,33,25,20,51,31,21,20,20,24,16,11,11,14,11,13,8,12,12,11,10,15,15,13,14,19,22,10,13,52
0,総数,2,他都道府県（他市町村）への転出者数,60000,移動者（外国人含む）,37000,香川県,男性・女性,19539,303,263,244,219,201,162,177,145,121,110,111,67,89,55,39,87,27,17,720,419,703,534,1390,857,851,852,682,612,587,512,523,519,426,427,399,354,352,260,276,265,308,262,247,264,242,225,221,192,167,183,185,159,132,127,132,138,98,104,95,80,110,47,51,60,40,56,40,27,36,46,41,22,16,21,24,27,11,18,24,19,31,19,26,28,18,15,26,24,12,23,63
0,総数,2,他都道府県（他市町村）への転出者数,60000,移動者（外国人含む）,38000,愛媛県,男性・女性,22329,310,231,264,208,189,171,167,132,125,125,101,60,97,70,41,125,51,49,1512,618,1005,712,1813,976,1020,861,776,679,604,556,523,464,468,420,369,331,333,330,283,273,266,243,242,265,219,226,201,217,199,194,167,154,130,148,134,129,103,107,93,85,86,73,64,59,39,56,50,57,42,57,55,30,28,28,38,31,46,21,36,25,29,35,33,30,36,45,38,28,22,33,115
0,総数,2,他都道府県（他市町村）への転出者数,60000,移動者（外国人含む）,39000,高知県,男性・女性,11521,148,138,113,105,99,87,89,69,75,61,56,31,80,25,33,51,30,50,939,331,634,361,1068,486,455,384,323,301,271,248,221,233,233,200,186,166,164,147,156,144,128,124,131,125,131,118,106,116,101,94,79,73,76,69,68,73,45,47,41,49,48,24,34,26,35,38,23,32,29,29,30,18,10,17,19,20,14,19,17,15,17,11,8,20,18,24,24,19,18,13,67
0,総数,2,他都道府県（他市町村）への転出者数,60000,移動者（外国人含む）,40000,福岡県,男性・女性,101672,1620,1385,1276,1138,886,748,890,561,606,530,484,305,486,214,197,488,141,127,3449,2345,3501,2830,6745,5143,5154,4521,3804,3497,3131,2997,2746,2516,2386,2298,2212,1979,1763,1557,1550,1432,1366,1233,1225,1183,1203,1094,1056,913,920,843,838,691,644,667,665,565,462,440,419,386,461,289,305,261,217,304,224,230,231,230,196,145,100,96,128,111,113,106,89,100,110,103,117,91,105,112,114,91,91,78,272
0,総数,2,他都道府県（他市町村）への転出者数,60000,移動者（外国人含む）,41000,佐賀県,男性・女性,18121,289,245,208,197,143,119,159,63,84,61,68,52,60,39,27,120,38,46,1334,453,771,593,1349,861,847,741,643,580,529,498,426,447,386,355,359,317,274,250,227,212,222,198,202,189,183,155,154,159,128,112,115,106,105,92,102,80,82,73,62,72,82,53,50,51,45,44,42,39,45,35,56,35,17,24,17,19,19,21,32,19,19,22,32,25,27,28,26,19,25,17,75
0,総数,2,他都道府県（他市町村）への転出者数,60000,移動者（外国人含む）,42000,長崎県,男性・女性,29578,379,376,338,291,269,226,257,170,169,161,149,114,141,71,68,193,60,59,2828,830,1314,1064,2099,1214,1301,952,893,818,713,659,594,592,533,542,564,480,464,423,390,368,324,310,316,323,330,259,288,264,234,245,227,190,176,180,174,154,125,129,122,111,151,93,91,88,63,94,74,80,73,84,82,40,34,36,39,48,48,35,39,36,58,45,48,47,49,62,43,46,50,57,138
0,総数,2,他都道府県（他市町村）への転出者数,60000,移動者（外国人含む）,43000,熊本県,男性・女性,32263,495,413,382,347,287,244,263,164,171,168,137,96,144,70,55,210,73,57,2296,865,1433,979,2453,1467,1442,1166,1026,973,879,805,721,697,687,655,614,551,497,432,441,418,431,363,369,357,301,358,311,303,283,256,272,214,206,190,172,196,157,147,140,121,125,105,75,98,88,87,73,67,71,73,56,55,32,44,36,32,38,27,33,50,42,40,32,44,54,52,54,42,42,25,151
0,総数,2,他都道府県（他市町村）への転出者数,60000,移動者（外国人含む）,44000,大分県,男性・女性,21989,312,254,250,243,200,163,195,119,136,128,123,96,101,63,42,132,27,30,1192,504,994,809,1655,957,992,803,714,620,601,551,543,509,464,423,404,416,337,326,307,292,300,287,253,253,244,233,204,196,203,186,163,142,136,129,158,101,92,102,84,79,98,78,68,64,48,65,59,54,43,52,47,54,21,33,29,28,27,31,29,20,33,54,36,38,48,24,38,40,31,32,95
0,総数,2,他都道府県（他市町村）への転出者数,60000,移動者（外国人含む）,45000,宮崎県,男性・女性,21500,271,232,231,220,179,145,186,125,115,97,110,71,92,62,51,121,52,35,2229,757,1081,803,1517,834,939,758,643,582,515,489,470,457,405,408,368,320,270,266,296,259,250,227,192,204,200,188,192,172,188,159,174,140,109,109,115,114,109,102,97,89,97,56,61,45,59,59,66,41,56,46,45,36,23,32,34,34,36,35,36,22,35,28,27,29,37,32,30,35,24,22,91
0,総数,2,他都道府県（他市町村）への転出者数,60000,移動者（外国人含む）,46000,鹿児島県,男性・女性,30449,419,386,323,322,265,248,252,193,169,181,147,140,169,75,93,179,60,62,3509,942,1710,996,1685,1136,1190,1029,846,724,703,669,632,641,592,592,515,504,402,411,389,314,343,318,325,334,287,277,283,233,232,239,231,229,198,195,174,141,145,140,121,122,145,89,85,89,80,129,72,60,65,69,67,59,32,40,45,45,54,54,41,33,53,55,48,58,67,49,51,64,57,38,175
0,総数,2,他都道府県（他市町村）への転出者数,60000,移動者（外国人含む）,47000,沖縄県,男性・女性,28020,409,364,336,296,311,256,293,187,195,194,156,122,172,94,73,156,54,49,1883,734,1263,1083,1684,1157,1115,979,862,762,748,702,650,617,618,597,566,532,497,477,408,421,388,370,372,342,347,367,275,257,271,272,230,222,194,179,177,125,141,142,105,121,102,73,75,66,61,78,62,63,49,50,60,36,24,15,29,17,20,19,8,16,9,11,14,10,13,13,9,10,10,8,21
0,総数,2,他都道府県（他市町村）への転出者数,60000,移動者（外国人含む）,48000,東京圏,男性・女性,390256,6079,5691,5131,4446,3489,2817,3346,1983,1982,1814,1479,1008,1429,733,573,1217,454,364,5400,6532,7609,8087,20574,17761,17913,16500,14914,13672,13090,12423,11892,10988,10232,9792,9252,8463,7539,6975,6767,6330,6009,5502,5107,5234,4786,4614,4265,4111,3831,3638,3500,3059,2815,3036,2861,2615,2386,2285,2132,2075,2852,1681,1758,1602,1425,1994,1472,1323,1352,1312,1347,1032,609,614,757,728,666,579,573,496,567,513,528,500,445,426,369,366,353,311,1103
0,総数,2,他都道府県（他市町村）への転出者数,60000,移動者（外国人含む）,49000,名古屋圏,男性・女性,145159,2103,1949,1788,1531,1279,1016,1173,801,783,743,609,479,650,308,268,634,210,202,4104,3054,4165,3768,8958,6601,7173,6517,5886,5463,4995,4630,4308,4036,3726,3463,3324,2950,2630,2371,2326,2149,1971,2002,1826,1815,1797,1711,1574,1434,1439,1335,1234,1087,957,992,880,765,678,602,619,514,639,411,388,389,319,409,320,286,286,286,271,208,129,147,168,144,154,134,126,111,116,129,119,139,113,128,115,112,103,96,309
0,総数,2,他都道府県（他市町村）への転出者数,60000,移動者（外国人含む）,50000,大阪圏,男性・女性,226078,3365,2938,2550,2331,1917,1470,1951,1147,1080,995,902,661,902,438,397,1041,304,274,4684,3926,5880,4915,16195,11777,11801,10763,9365,8379,7802,7126,6723,5990,5636,5327,4898,4535,3958,3574,3466,3164,3051,2757,2808,2668,2592,2487,2276,2077,1979,1928,1782,1523,1443,1457,1279,1190,1127,1005,967,909,1144,741,713,627,653,803,646,539,605,655,593,455,278,316,359,350,332,360,303,268,309,330,298,257,297,313,261,237,255,225,704
0,総数,2,他都道府県（他市町村）への転出者数,60000,移動者（外国人含む）,416,21大都市計,男性・女性,1280607,22375,18573,15835,13096,9646,7774,10065,5220,5142,4653,3999,2713,4471,2292,1955,4585,2297,2111,19161,17835,27015,26471,59300,52901,58405,56832,54825,52160,50095,47812,44632,40869,37328,34801,32463,29432,25637,22971,21834,20148,18705,17079,15913,15644,14795,14136,13220,12326,11640,11238,10620,9104,8412,8835,8056,7436,6931,6497,6084,5724,6559,4571,4182,4022,3905,4523,3739,3531,3701,3698,3702,3000,1821,2006,2348,2305,2203,2058,1918,1741,1931,2005,1971,1922,1825,1769,1768,1582,1565,1421,5186
0,総数,2,他都道府県（他市町村）への転出者数,60000,移動者（外国人含む）,1100,札幌市,男性・女性,54455,879,759,695,615,490,426,458,311,304,242,218,160,218,126,120,248,97,69,1545,1080,1579,1245,3071,2113,2330,2160,1854,1693,1710,1566,1442,1391,1237,1257,1239,1129,992,902,870,867,825,758,737,736,741,743,722,720,614,643,593,510,502,483,459,394,392,337,332,243,299,179,155,157,161,191,168,141,140,151,125,95,67,73,76,77,66,73,65,33,58,67,58,59,78,53,63,58,61,54,162
0,総数,2,他都道府県（他市町村）への転出者数,60000,移動者（外国人含む）,4100,仙台市,男性・女性,41840,672,647,582,513,417,309,398,216,240,212,165,125,196,96,75,189,64,66,1034,572,1048,851,2486,1626,1977,1826,1579,1399,1504,1228,1268,1136,1110,994,968,862,772,754,725,653,647,561,585,625,528,544,499,402,450,450,458,349,337,335,315,292,258,266,239,193,240,118,113,109,118,108,88,90,81,81,83,45,38,37,35,38,47,43,34,32,26,36,26,36,34,30,33,34,21,23,76
0,総数,2,他都道府県（他市町村）への転出者数,60000,移動者（外国人含む）,11100,さいたま市,男性・女性,48865,847,764,604,508,341,276,346,198,163,179,142,98,162,83,68,154,109,83,569,715,971,931,2080,2276,2348,2343,2215,2109,2036,1921,1750,1718,1450,1361,1202,1100,917,872,761,734,686,582,575,531,554,514,426,485,445,406,377,316,338,349,342,259,254,261,232,225,249,193,181,150,148,181,164,124,117,140,131,114,75,69,89,96,82,81,67,65,62,71,70,67,50,61,45,49,29,46,137
0,総数,2,他都道府県（他市町村）への転出者数,60000,移動者（外国人含む）,12100,千葉市,男性・女性,36059,542,455,436,362,269,211,256,122,139,130,125,88,118,62,50,138,81,78,519,495,770,758,1799,1619,1786,1754,1542,1562,1398,1308,1203,1049,974,865,804,755,622,614,587,592,519,469,432,464,427,409,399,378,342,339,323,281,266,251,213,210,191,195,169,173,163,107,122,124,120,161,121,122,111,107,113,102,58,64,83,74,70,58,68,63,66,73,57,52,54,38,38,29,29,28,97
0,総数,2,他都道府県（他市町村）への転出者数,60000,移動者（外国人含む）,13100,東京都特別区部,男性・女性,340493,6064,4592,3753,3042,2099,1735,2283,1112,1074,981,812,550,931,481,416,860,510,537,2973,4219,6095,6687,12426,13303,14988,14896,14997,14364,14066,13806,12996,11748,10709,10113,9517,8587,7381,6574,6333,5731,5219,4737,4184,4147,3796,3685,3421,3199,2954,2867,2724,2312,2147,2342,2146,1960,1792,1735,1593,1622,1856,1332,1216,1198,1145,1342,1131,1083,1157,1161,1173,1003,612,675,778,800,685,670,658,568,618,640,620,643,581,568,533,492,497,459,1674
0,総数,2,他都道府県（他市町村）への転出者数,60000,移動者（外国人含む）,14100,横浜市,男性・女性,119516,1899,1660,1394,1180,827,699,949,454,496,407,370,243,438,243,184,396,238,203,1089,1172,1944,2153,5184,5029,5402,5529,5378,5147,4788,4575,4244,3942,3576,3318,3066,2761,2387,2215,2055,1823,1831,1593,1520,1502,1428,1335,1270,1198,1074,1050,1027,878,786,808,789,739,700,669,603,587,680,527,443,462,418,488,410,402,362,356,400,302,184,195,227,213,228,219,192,183,178,180,192,186,166,165,180,158,137,128,511
0,総数,2,他都道府県（他市町村）への転出者数,60000,移動者（外国人含む）,14130,川崎市,男性・女性,73161,1296,1074,936,724,540,397,551,234,239,218,169,117,210,108,109,259,132,128,537,632,1022,1226,2568,2883,3232,3497,3483,3381,3292,3147,3030,2643,2539,2325,2120,1916,1706,1447,1386,1226,1139,1059,877,898,809,718,666,658,602,614,546,507,428,475,442,387,353,347,350,311,341,228,213,230,216,248,179,185,216,176,201,148,89,104,101,128,123,97,78,82,90,89,92,66,71,76,74,52,72,47,184
0,総数,2,他都道府県（他市町村）への転出者数,60000,移動者（外国人含む）,14150,相模原市,男性・女性,25191,378,344,280,228,139,109,196,75,78,84,54,51,77,44,35,97,47,63,218,258,507,592,1362,1206,1180,1157,1127,1053,1041,929,909,762,720,678,580,615,527,438,416,397,356,324,309,284,271,288,266,229,254,199,173,167,151,184,154,133,148,124,102,112,122,84,111,92,83,102,89,84,75,88,88,75,50,43,50,60,49,43,51,44,43,40,48,28,28,28,37,22,25,32,98
0,総数,2,他都道府県（他市町村）への転出者数,60000,移動者（外国人含む）,15100,新潟市,男性・女性,17937,283,272,213,180,127,114,136,88,87,64,76,44,82,40,32,75,32,27,702,336,653,543,1469,800,893,781,628,675,595,553,497,458,411,390,349,307,317,253,242,259,211,223,209,205,236,204,143,171,151,166,167,124,98,119,111,89,99,82,83,59,101,46,56,46,38,43,39,30,34,38,35,26,20,15,17,16,16,18,8,18,22,11,16,12,26,16,18,24,25,15,59
0,総数,2,他都道府県（他市町村）への転出者数,60000,移動者（外国人含む）,22100,静岡市,男性・女性,17852,265,269,210,193,150,129,153,89,93,72,70,32,88,35,34,86,29,12,558,259,573,444,1193,829,888,769,669,696,588,616,532,499,450,423,394,342,318,300,284,239,251,222,235,216,194,204,178,162,159,166,147,130,119,106,88,102,88,91,77,58,73,61,50,35,43,47,44,26,40,35,40,29,14,28,27,25,29,17,18,28,15,28,17,26,19,28,20,22,20,18,65
0,総数,2,他都道府県（他市町村）への転出者数,60000,移動者（外国人含む）,22130,浜松市,男性・女性,20569,336,282,269,244,174,152,169,105,73,80,69,45,83,43,32,92,35,31,779,539,662,566,1388,990,1147,932,906,811,706,692,589,581,484,475,414,382,355,313,313,286,260,264,217,227,231,207,185,162,186,159,145,126,83,120,91,80,91,71,56,61,76,50,40,63,40,50,35,37,29,36,31,30,18,15,31,25,17,19,21,21,18,9,18,25,21,14,24,19,17,13,61
0,総数,2,他都道府県（他市町村）への転出者数,60000,移動者（外国人含む）,23100,名古屋市,男性・女性,86669,1631,1471,1273,1034,783,622,766,479,427,412,352,254,360,175,144,303,154,128,1303,1245,1727,1818,3612,3251,3853,3846,3747,3624,3422,3196,3079,2853,2537,2429,2216,1984,1771,1587,1484,1363,1267,1254,1156,1105,1052,1006,989,869,855,821,770,658,558,588,510,498,429,377,385,321,378,272,234,203,207,232,181,145,196,184,181,137,91,89,123,77,100,93,110,78,102,96,97,103,90,96,85,98,88,62,258
0,総数,2,他都道府県（他市町村）への転出者数,60000,移動者（外国人含む）,26100,京都市,男性・女性,45012,717,598,515,391,358,242,348,164,136,136,119,80,137,67,60,187,64,77,671,627,837,866,2874,2281,2453,2304,2101,1928,1800,1683,1571,1408,1348,1145,1047,947,827,741,741,674,574,582,523,468,449,424,392,348,316,334,321,276,260,242,213,220,228,189,175,168,218,145,123,124,111,140,115,126,136,135,110,100,53,67,88,88,100,82,56,54,74,71,81,63,63,84,70,57,46,61,199
0,総数,2,他都道府県（他市町村）への転出者数,60000,移動者（外国人含む）,27100,大阪市,男性・女性,100056,1934,1504,1189,963,644,485,691,281,307,246,255,148,265,154,129,261,198,163,1064,1303,2036,2031,3848,3835,4313,4446,4593,4444,4284,4090,3973,3540,3226,2935,2749,2472,2135,1838,1703,1538,1408,1254,1222,1197,1116,1048,995,931,839,825,773,670,632,670,556,540,544,452,409,439,423,338,338,276,311,310,278,270,318,298,310,259,123,143,208,174,194,162,146,145,167,217,201,183,176,156,162,150,166,161,560
0,総数,2,他都道府県（他市町村）への転出者数,60000,移動者（外国人含む）,27140,堺市,男性・女性,24573,430,390,332,282,169,145,222,95,91,93,78,68,99,53,56,132,95,67,347,374,510,427,1086,960,1034,968,983,955,906,926,786,750,645,600,590,523,442,372,380,340,345,301,312,304,313,301,268,226,249,222,225,181,156,187,143,149,140,101,124,109,154,100,80,91,95,107,103,90,102,105,102,84,49,61,79,63,67,77,77,53,71,68,71,52,50,53,51,41,54,31,135
0,総数,2,他都道府県（他市町村）への転出者数,60000,移動者（外国人含む）,28100,神戸市,男性・女性,45024,738,614,527,404,310,256,326,181,171,141,131,79,164,79,76,205,73,76,775,673,1119,957,2508,2078,2243,2088,1886,1865,1719,1617,1544,1365,1193,1085,1070,939,795,751,657,667,597,585,504,509,461,441,436,404,401,369,298,287,290,283,292,230,227,209,205,215,228,162,135,132,145,174,133,139,133,154,151,124,62,97,76,103,90,89,63,83,80,95,96,91,93,93,109,67,82,76,281
0,総数,2,他都道府県（他市町村）への転出者数,60000,移動者（外国人含む）,33100,岡山市,男性・女性,23770,443,372,362,297,249,197,240,125,128,133,95,71,112,55,32,131,36,33,639,542,696,627,1367,1000,1142,978,909,843,833,795,644,639,595,537,509,505,431,372,381,329,323,313,289,291,268,261,245,235,193,214,189,146,155,162,142,144,124,119,120,101,139,70,71,56,56,63,46,56,50,50,58,52,32,40,28,31,35,28,30,15,30,25,19,32,23,18,26,19,25,16,73
0,総数,2,他都道府県（他市町村）への転出者数,60000,移動者（外国人含む）,34100,広島市,男性・女性,37964,705,620,571,477,412,323,407,252,224,205,182,122,194,80,70,190,57,58,951,667,977,831,2279,1493,1667,1517,1485,1308,1245,1234,1085,1025,936,901,775,775,739,630,596,579,549,500,524,507,476,447,435,382,414,339,343,308,275,266,275,259,196,226,197,181,202,139,100,107,107,130,100,69,90,82,88,69,43,43,53,43,47,40,30,24,34,37,37,33,30,30,34,39,21,27,93
0,総数,2,他都道府県（他市町村）への転出者数,60000,移動者（外国人含む）,40100,北九州市,男性・女性,27668,464,433,364,343,251,193,250,142,166,123,110,76,142,70,47,198,63,62,778,517,816,740,1810,1260,1354,1145,1096,929,966,871,753,716,656,600,582,479,471,409,389,365,366,319,317,271,312,297,296,221,237,219,196,191,147,163,164,146,115,133,122,113,136,94,91,81,75,98,72,81,69,86,60,56,36,36,57,59,43,37,61,51,62,59,67,58,48,55,66,47,58,53,171
0,総数,2,他都道府県（他市町村）への転出者数,60000,移動者（外国人含む）,40130,福岡市,男性・女性,68079,1281,1017,942,799,626,516,654,339,361,348,279,177,275,133,125,260,122,99,1212,1076,1752,1590,3364,3038,3085,2964,2772,2570,2428,2333,2073,2001,1881,1787,1682,1526,1271,1177,1154,1076,972,879,862,837,850,750,723,675,671,610,576,482,483,500,432,414,399,359,356,308,358,222,224,203,170,216,169,165,163,169,165,112,69,80,89,77,83,83,65,67,71,63,58,72,81,66,68,66,57,51,174
0,総数,2,他都道府県（他市町村）への転出者数,60000,移動者（外国人含む）,43100,熊本市,男性・女性,25854,571,436,388,317,271,238,266,158,145,147,128,85,120,65,61,124,61,51,898,534,721,588,1526,1031,1090,932,875,804,768,726,664,645,651,583,590,526,461,412,377,410,360,300,324,320,283,310,266,271,234,226,249,205,201,202,179,191,163,154,155,125,123,104,86,83,98,92,74,66,82,66,57,38,38,32,33,38,32,29,20,34,44,30,30,35,43,41,32,39,35,20,118
1,男,2,他都道府県（他市町村）への転出者数,60000,移動者（外国人含む）,0,全国,男性,1408573,18485,16252,14286,12163,9737,7910,9683,5585,5454,5170,4632,3186,4976,2404,1961,5856,2054,1967,48625,29101,40601,35321,88895,67229,72896,63627,56001,51072,47828,44521,41571,38303,35036,33210,30939,28261,25423,22919,21872,20642,19821,18337,17854,17933,17473,16772,15522,14688,14119,13419,12688,11093,10005,10371,9620,8691,7754,7276,6820,6326,8315,4714,4668,4336,3925,5250,3787,3505,3499,3460,3409,2737,1581,1663,1896,1848,1650,1520,1382,1179,1245,1212,1142,1058,1031,997,904,787,774,701,2156
1,男,2,他都道府県（他市町村）への転出者数,60000,移動者（外国人含む）,1000,北海道,男性,32468,370,316,325,292,218,188,223,172,157,138,116,97,148,81,69,159,52,58,1664,847,1392,963,2182,1345,1708,1303,1030,892,873,770,795,734,634,650,617,572,507,487,503,474,454,430,428,428,440,466,424,402,383,384,366,309,316,264,280,256,198,174,188,146,194,110,86,96,87,103,92,66,64,81,62,58,32,42,45,26,29,25,27,27,19,32,29,24,19,10,24,20,29,13,40
1,男,2,他都道府県（他市町村）への転出者数,60000,移動者（外国人含む）,2000,青森県,男性,12993,125,141,119,123,93,79,86,56,79,50,53,31,63,30,23,78,16,17,1351,386,561,407,976,533,535,448,340,342,304,269,289,263,266,256,238,221,218,203,180,166,170,158,164,154,159,136,142,150,152,126,129,109,113,110,104,92,71,69,64,60,58,41,37,38,29,45,31,27,24,25,19,14,11,9,8,10,7,6,9,7,9,17,12,3,12,7,4,8,5,5,10
1,男,2,他都道府県（他市町村）への転出者数,60000,移動者（外国人含む）,3000,岩手県,男性,11764,135,130,122,98,88,66,70,54,60,62,47,24,47,22,9,47,13,13,1090,301,632,322,840,401,560,402,359,304,297,281,240,233,218,227,204,196,196,161,160,178,149,170,146,132,130,161,149,130,124,112,105,106,87,94,96,81,94,64,75,56,71,46,39,35,36,45,22,34,30,24,21,17,12,11,10,12,6,12,6,8,10,8,12,11,8,8,7,8,5,2,18
1,男,2,他都道府県（他市町村）への転出者数,60000,移動者（外国人含む）,4000,宮城県,男性,28352,367,353,287,266,227,182,206,123,142,130,111,82,114,55,39,106,26,33,1192,569,851,591,1832,1178,1447,1197,1050,925,884,752,764,673,653,635,582,542,454,436,433,424,407,393,427,426,360,390,364,331,331,351,365,268,258,294,241,231,216,211,192,169,203,109,82,81,83,103,58,63,37,52,57,25,17,17,11,21,18,21,10,16,10,12,12,15,13,14,10,8,4,9,23
1,男,2,他都道府県（他市町村）への転出者数,60000,移動者（外国人含む）,5000,秋田県,男性,8197,71,65,73,61,51,39,55,29,31,38,19,14,37,10,5,31,11,8,898,264,409,231,703,345,414,279,237,229,205,186,173,171,160,128,127,116,134,109,98,113,101,99,93,94,88,87,89,74,73,77,68,58,51,59,54,57,51,57,41,51,57,22,20,25,21,30,14,24,16,13,17,10,3,6,8,7,8,9,4,5,7,9,4,6,10,7,4,7,4,4,17
1,男,2,他都道府県（他市町村）への転出者数,60000,移動者（外国人含む）,6000,山形県,男性,8911,91,101,74,53,61,43,57,38,33,33,36,18,29,18,12,43,13,15,817,267,423,247,787,425,470,359,296,267,230,216,210,191,170,180,160,137,131,101,125,116,105,122,94,91,113,79,78,68,72,71,85,72,32,61,58,59,28,59,43,35,52,23,29,22,19,28,17,12,15,20,19,7,11,9,9,5,4,5,6,7,4,12,5,4,5,5,7,5,7,5,15
1,男,2,他都道府県（他市町村）への転出者数,60000,移動者（外国人含む）,7000,福島県,男性,18565,187,182,164,136,108,91,104,63,58,31,44,37,65,31,30,69,37,25,1114,393,616,478,1429,846,867,733,617,574,484,508,457,442,431,374,327,322,283,250,259,270,252,272,232,238,235,207,220,198,197,212,213,178,163,161,169,155,148,120,139,113,154,89,99,73,81,85,63,56,54,45,55,41,24,18,32,14,16,19,13,14,14,14,6,21,15,11,18,13,9,8,33
1,男,2,他都道府県（他市町村）への転出者数,60000,移動者（外国人含む）,8000,茨城県,男性,34809,350,348,259,201,199,150,194,118,115,94,95,73,120,46,49,139,55,62,1076,752,1149,1060,2466,1729,2101,1768,1475,1396,1291,1153,1054,995,911,825,733,636,632,561,518,506,417,413,418,393,390,372,369,322,326,322,304,247,197,264,234,187,144,147,150,125,198,89,103,80,90,119,77,68,73,65,57,57,48,35,48,36,42,35,24,28,28,23,31,16,26,17,19,18,11,13,39
1,男,2,他都道府県（他市町村）への転出者数,60000,移動者（外国人含む）,9000,栃木県,男性,23678,264,261,224,167,149,124,174,78,78,70,71,39,81,24,31,85,25,35,863,514,744,725,1557,1147,1304,1144,1036,955,954,788,726,665,630,577,546,487,441,403,338,312,339,278,285,271,295,263,200,226,211,195,176,183,144,159,134,119,116,87,111,103,139,62,62,54,66,58,47,46,38,37,42,31,20,20,29,19,15,14,13,11,9,12,13,9,10,11,7,5,7,17,24
1,男,2,他都道府県（他市町村）への転出者数,60000,移動者（外国人含む）,10000,群馬県,男性,20123,190,184,149,136,124,98,127,62,65,62,62,31,61,22,18,73,25,30,710,402,670,582,1757,1065,1182,999,851,753,682,662,583,563,480,467,419,394,356,333,314,290,291,245,248,239,250,237,197,190,186,181,177,129,139,129,104,106,92,93,74,71,86,34,54,53,39,58,30,28,33,28,23,27,16,11,11,16,20,17,16,9,11,9,9,7,7,12,9,9,12,3,15
1,男,2,他都道府県（他市町村）への転出者数,60000,移動者（外国人含む）,11000,埼玉県,男性,90819,1136,1052,877,781,561,473,532,319,292,279,251,174,261,157,92,307,121,107,1519,1474,2158,1987,5206,4635,4677,4454,4014,3702,3575,3166,3044,2748,2470,2374,2145,1877,1722,1605,1426,1433,1352,1191,1160,1121,1130,1117,951,980,862,838,745,717,618,638,599,527,476,464,434,385,560,338,345,296,289,386,309,269,243,247,294,210,109,108,143,124,101,94,105,65,84,74,68,63,61,76,57,34,34,37,105
1,男,2,他都道府県（他市町村）への転出者数,60000,移動者（外国人含む）,12000,千葉県,男性,85960,1014,883,803,658,511,417,496,256,289,252,222,139,257,135,104,247,137,143,1535,2163,2343,2294,5096,4372,4584,4191,3913,3607,3363,3120,2876,2499,2262,2046,1969,1785,1593,1474,1319,1250,1197,1050,990,1097,948,939,929,875,833,780,716,588,586,615,530,488,434,404,355,344,484,293,290,288,226,316,245,240,229,217,200,158,110,93,103,127,84,78,96,75,84,80,71,61,57,52,53,46,35,33,121
1,男,2,他都道府県（他市町村）への転出者数,60000,移動者（外国人含む）,13000,東京都,男性,208923,3315,2654,2130,1716,1287,1034,1318,651,617,582,484,340,560,276,233,542,260,250,2060,2667,3845,4170,9265,9022,9792,9393,8917,8375,8211,7868,7452,6796,6098,5971,5534,5091,4522,3950,3812,3557,3308,3022,2751,2885,2619,2517,2308,2168,2093,1974,1864,1648,1468,1587,1485,1295,1186,1116,1088,1067,1375,850,816,751,721,990,780,661,723,709,702,592,346,375,441,414,371,331,324,252,274,244,249,223,215,179,146,134,162,127,379
1,男,2,他都道府県（他市町村）への転出者数,60000,移動者（外国人含む）,14000,神奈川県,男性,116389,1540,1372,1187,1022,755,602,828,387,381,396,326,218,358,179,154,388,152,134,1810,1623,1980,2092,6416,5560,5750,5522,4989,4644,4340,4265,3864,3522,3293,3107,2897,2677,2370,2148,2030,1895,1845,1621,1595,1539,1507,1393,1330,1246,1187,1098,1036,966,802,847,800,752,692,615,555,562,797,432,448,462,391,544,356,352,331,315,327,262,149,148,174,187,180,148,117,112,115,103,99,84,81,77,85,77,51,47,177
1,男,2,他都道府県（他市町村）への転出者数,60000,移動者（外国人含む）,15000,新潟県,男性,16227,153,144,139,127,87,91,90,59,60,57,65,47,54,26,22,63,22,19,1033,424,775,609,1468,805,989,676,561,556,464,405,345,331,298,291,282,274,224,200,218,199,199,209,177,190,202,167,143,172,135,144,145,128,89,102,117,94,87,77,63,66,95,53,50,41,44,49,30,33,20,32,27,20,16,13,23,21,16,13,11,9,13,13,12,9,17,14,9,7,16,9,34
1,男,2,他都道府県（他市町村）への転出者数,60000,移動者（外国人含む）,16000,富山県,男性,8478,130,100,96,69,66,52,47,36,28,27,24,11,22,12,12,25,4,12,362,186,260,207,590,422,485,400,343,295,259,263,223,227,189,202,145,168,164,129,133,122,133,111,110,140,101,108,98,81,100,73,89,77,65,66,44,49,38,49,34,40,45,15,23,23,14,25,18,15,14,11,20,7,7,8,7,11,5,5,5,3,2,4,2,6,4,0,5,0,3,5,13
1,男,2,他都道府県（他市町村）への転出者数,60000,移動者（外国人含む）,17000,石川県,男性,12040,152,142,105,92,77,70,73,46,53,38,47,25,51,22,8,31,26,17,455,275,384,324,1043,631,722,539,432,390,354,348,291,322,240,284,219,191,203,208,162,144,172,159,152,179,146,174,124,158,149,122,129,96,86,106,98,78,84,64,61,52,58,34,22,25,21,29,26,20,17,15,22,17,6,8,5,12,4,6,6,6,6,7,4,4,3,4,6,8,0,1,13
1,男,2,他都道府県（他市町村）への転出者数,60000,移動者（外国人含む）,18000,福井県,男性,6810,101,67,64,49,32,36,53,28,21,28,20,23,32,13,13,35,7,9,277,138,252,190,508,326,400,312,247,240,233,176,189,167,140,132,146,108,118,100,109,83,87,104,88,76,85,79,86,87,83,88,59,50,51,52,49,49,32,34,31,36,39,22,15,15,14,18,13,12,11,11,11,11,1,8,7,9,9,5,8,3,1,2,2,6,1,7,6,3,1,1,10
1,男,2,他都道府県（他市町村）への転出者数,60000,移動者（外国人含む）,19000,山梨県,男性,9410,99,94,83,57,57,45,55,30,29,27,41,23,23,8,18,46,11,18,437,193,345,295,946,489,571,428,349,312,301,310,247,228,185,186,174,133,132,129,124,111,102,96,101,91,114,106,88,107,63,79,90,72,81,56,55,43,44,53,28,33,52,30,29,21,30,18,21,20,28,23,30,24,16,12,9,13,13,13,10,5,13,17,11,8,5,13,6,1,5,4,19
1,男,2,他都道府県（他市町村）への転出者数,60000,移動者（外国人含む）,20000,長野県,男性,17425,174,161,144,139,89,85,119,67,61,62,52,49,88,30,30,108,29,30,991,516,772,616,1339,948,910,743,564,571,491,445,405,384,360,331,334,271,251,256,218,236,218,210,194,213,214,189,191,177,164,167,140,133,129,113,108,122,113,86,78,78,102,53,70,62,36,71,31,42,44,45,31,40,21,20,21,27,15,24,15,20,11,7,12,8,11,10,12,12,10,8,27
1,男,2,他都道府県（他市町村）への転出者数,60000,移動者（外国人含む）,21000,岐阜県,男性,20133,225,191,188,152,124,93,116,55,48,62,61,47,79,46,26,92,36,30,882,469,664,659,1542,937,1131,989,785,808,736,694,614,567,496,482,443,406,322,287,269,274,260,242,235,234,231,223,214,168,166,153,151,133,115,123,96,80,79,83,96,70,64,59,48,39,41,60,33,56,50,37,27,37,16,20,27,23,24,22,22,16,10,9,18,7,15,13,11,8,9,7,26
1,男,2,他都道府県（他市町村）への転出者数,60000,移動者（外国人含む）,22000,静岡県,男性,36243,409,407,373,326,284,237,252,157,143,133,144,80,130,67,54,153,45,35,1637,855,1194,974,2545,1745,1916,1444,1388,1303,1112,1079,998,966,894,787,758,705,639,578,588,477,512,445,466,461,470,442,385,331,377,345,353,319,236,261,206,187,197,162,157,142,181,98,110,111,88,114,58,91,73,84,63,71,30,53,52,51,42,37,36,37,34,23,34,36,20,17,20,16,23,19,56
1,男,2,他都道府県（他市町村）への転出者数,60000,移動者（外国人含む）,23000,愛知県,男性,74531,1040,963,920,719,608,438,527,353,333,326,258,204,260,119,97,308,85,89,1619,1495,1807,1780,4018,3349,3993,3512,3141,2912,2647,2428,2316,2123,2063,1832,1791,1572,1467,1276,1264,1152,1087,1115,1021,1014,1031,1007,942,836,818,743,718,619,540,555,488,458,373,339,365,273,411,226,198,212,162,231,160,139,145,127,135,102,56,61,65,49,57,47,45,38,35,32,27,35,18,29,23,20,24,14,62
1,男,2,他都道府県（他市町村）への転出者数,60000,移動者（外国人含む）,24000,三重県,男性,21316,244,225,180,165,160,121,134,90,89,88,65,53,71,26,34,91,35,32,894,428,630,576,1376,998,1068,943,820,785,714,624,623,602,552,473,441,400,385,335,317,333,293,302,263,281,299,255,247,255,241,210,185,155,159,166,135,124,137,100,131,99,134,66,84,74,52,70,57,42,37,42,49,26,13,20,39,20,16,14,11,11,16,17,13,14,23,15,14,15,11,17,27
1,男,2,他都道府県（他市町村）への転出者数,60000,移動者（外国人含む）,25000,滋賀県,男性,16619,186,163,159,123,103,92,101,48,58,54,39,27,48,25,20,68,23,32,481,402,505,441,1259,968,999,837,697,603,553,541,465,423,336,374,332,319,279,272,255,228,221,196,204,182,209,196,168,167,172,170,143,106,108,112,95,101,83,96,71,63,96,56,69,46,43,54,34,28,42,45,38,28,16,14,16,26,21,13,10,9,11,11,12,10,7,8,7,9,5,10,24
1,男,2,他都道府県（他市町村）への転出者数,60000,移動者（外国人含む）,26000,京都府,男性,32260,432,359,335,240,233,152,230,107,106,93,92,53,103,45,42,142,49,44,707,639,927,836,2466,1762,1957,1620,1413,1251,1143,1030,957,908,813,737,662,624,539,474,484,476,397,404,417,388,360,341,297,277,258,258,266,209,208,197,172,167,166,147,125,118,179,96,96,87,70,109,74,87,94,88,68,66,38,42,46,53,46,52,31,21,36,44,31,32,20,35,34,21,24,22,64
1,男,2,他都道府県（他市町村）への転出者数,60000,移動者（外国人含む）,27000,大阪府,男性,91475,1482,1196,1003,885,689,499,749,368,367,339,328,248,310,148,134,468,130,113,1488,1535,2196,1949,5530,4450,4551,4299,3907,3427,3288,3055,2886,2603,2453,2309,2124,1928,1751,1506,1419,1302,1261,1160,1213,1157,1151,1091,1042,986,909,830,800,707,666,671,608,542,511,444,435,410,555,324,318,272,283,321,287,240,256,287,252,208,117,123,139,126,102,117,104,93,107,95,82,73,92,86,63,61,64,53,169
1,男,2,他都道府県（他市町村）への転出者数,60000,移動者（外国人含む）,28000,兵庫県,男性,53728,682,656,555,481,362,336,410,240,225,219,171,122,230,87,101,322,98,67,1299,1016,1445,1193,3853,2942,2949,2660,2238,2023,1814,1659,1557,1409,1286,1182,1144,1008,869,843,761,706,719,650,666,660,607,636,576,515,517,526,431,385,357,383,337,310,277,272,251,233,303,175,168,153,159,208,132,154,148,144,148,116,65,72,78,81,84,72,73,57,59,62,58,51,42,52,56,38,37,44,111
1,男,2,他都道府県（他市町村）への転出者数,60000,移動者（外国人含む）,29000,奈良県,男性,14603,191,155,146,112,95,66,78,56,46,53,32,32,61,33,24,86,39,41,489,236,341,317,1072,832,863,732,629,513,477,478,388,384,341,323,295,302,228,229,190,191,198,151,173,142,142,158,135,122,125,107,129,98,114,95,87,100,88,82,70,66,70,60,58,61,38,60,56,34,42,49,59,37,23,26,30,28,25,23,26,23,17,15,28,24,16,11,14,10,16,10,36
1,男,2,他都道府県（他市町村）への転出者数,60000,移動者（外国人含む）,30000,和歌山県,男性,7872,99,84,71,76,53,41,49,31,22,24,30,17,14,14,11,92,27,22,404,138,323,202,662,385,444,323,318,269,224,218,219,179,163,156,148,134,118,97,86,90,92,76,71,80,78,94,64,81,81,72,69,54,63,59,48,41,50,48,31,34,37,23,22,22,26,26,23,10,29,22,23,22,11,10,17,12,15,14,10,14,8,10,18,11,5,12,11,5,12,12,17
1,男,2,他都道府県（他市町村）への転出者数,60000,移動者（外国人含む）,31000,鳥取県,男性,5785,70,56,59,54,54,34,47,36,25,25,31,18,36,12,6,32,11,8,315,159,243,181,434,310,285,252,180,166,149,132,122,128,114,106,105,107,99,95,96,75,66,73,54,71,73,76,51,50,73,68,48,60,34,43,49,45,32,36,26,28,36,19,19,14,16,15,11,14,14,13,9,6,6,5,5,5,7,3,4,4,3,4,0,2,6,2,3,3,3,2,9
1,男,2,他都道府県（他市町村）への転出者数,60000,移動者（外国人含む）,32000,島根県,男性,6649,87,59,58,58,42,48,45,30,24,19,29,18,25,13,13,25,12,9,492,170,272,215,511,278,297,269,196,149,187,165,169,130,131,112,104,109,103,93,84,100,98,81,77,102,97,99,85,66,69,56,70,57,58,52,54,42,50,49,24,35,36,17,20,31,24,21,21,11,16,17,11,6,4,14,9,12,11,12,5,6,5,6,7,8,6,7,5,7,4,4,15
1,男,2,他都道府県（他市町村）への転出者数,60000,移動者（外国人含む）,33000,岡山県,男性,18328,251,219,203,202,147,108,151,88,97,102,76,49,85,35,22,86,18,33,808,453,622,524,1282,851,984,765,677,588,566,555,479,451,386,381,335,339,288,266,279,257,251,231,218,233,214,221,187,206,173,193,170,125,131,141,129,119,119,88,85,83,119,56,59,47,46,49,38,35,36,38,37,37,25,18,18,18,22,17,12,13,16,17,11,16,17,12,12,8,10,10,34
1,男,2,他都道府県（他市町村）への転出者数,60000,移動者（外国人含む）,34000,広島県,男性,30552,405,361,335,296,265,219,258,176,154,154,146,94,123,43,40,159,45,37,1069,763,980,799,2129,1599,1724,1360,1139,963,953,894,763,717,672,691,602,546,531,439,407,420,418,390,409,395,376,363,371,354,343,313,302,260,252,245,224,201,146,161,150,155,159,99,75,72,70,100,60,45,54,53,55,55,18,28,25,19,26,25,14,14,22,24,21,9,11,17,14,17,10,10,33
1,男,2,他都道府県（他市町村）への転出者数,60000,移動者（外国人含む）,35000,山口県,男性,14690,164,141,149,131,107,96,114,68,64,60,76,44,70,27,28,71,26,12,1082,510,613,504,1087,794,762,619,556,419,383,321,308,298,261,253,258,230,186,171,209,169,178,154,159,165,184,174,172,150,148,158,115,106,105,113,108,98,62,70,63,64,78,41,48,41,19,51,36,30,28,32,26,24,16,13,11,14,13,13,14,11,9,12,12,13,16,13,5,9,7,11,37
1,男,2,他都道府県（他市町村）への転出者数,60000,移動者（外国人含む）,36000,徳島県,男性,6482,94,71,70,63,37,42,37,33,24,23,30,15,24,18,8,35,4,5,369,169,246,179,467,283,354,294,235,200,183,181,173,166,150,107,111,119,110,97,77,82,82,80,90,81,86,87,63,77,68,68,65,70,38,53,38,39,34,33,32,29,36,16,17,16,9,40,17,11,13,9,9,7,6,3,6,8,3,4,4,2,4,3,3,5,6,2,4,6,3,2,10
1,男,2,他都道府県（他市町村）への転出者数,60000,移動者（外国人含む）,37000,香川県,男性,10969,134,144,107,112,103,90,91,72,61,53,57,32,46,29,21,47,14,9,417,262,387,284,713,474,496,492,405,330,337,279,294,295,224,230,218,199,188,137,152,145,173,156,153,163,153,131,140,136,119,123,112,115,94,84,91,95,72,69,65,57,92,20,32,39,25,35,19,14,18,23,21,5,7,8,7,12,5,8,11,6,8,6,7,10,5,4,11,6,2,5,17
1,男,2,他都道府県（他市町村）への転出者数,60000,移動者（外国人含む）,38000,愛媛県,男性,12232,149,112,138,94,100,81,80,75,59,63,60,26,43,42,19,70,28,34,958,368,476,371,904,561,645,490,433,357,335,301,283,254,263,217,207,176,180,176,139,159,145,129,141,149,133,125,120,130,130,122,99,94,94,90,85,76,66,78,60,54,50,47,28,38,25,31,26,27,25,28,25,16,12,11,19,15,18,4,12,7,7,13,11,7,11,18,5,8,8,8,26
1,男,2,他都道府県（他市町村）への転出者数,60000,移動者（外国人含む）,39000,高知県,男性,6173,72,61,48,52,49,42,46,33,43,31,29,17,34,15,18,30,17,24,600,211,314,172,501,260,257,201,160,166,148,136,107,134,133,105,100,85,82,91,82,81,63,74,69,61,88,65,59,73,65,56,46,52,52,39,48,49,27,36,26,29,34,13,22,11,18,22,12,17,14,10,12,5,4,7,4,11,4,13,5,9,3,2,1,9,6,7,4,5,5,4,16
1,男,2,他都道府県（他市町村）への転出者数,60000,移動者（外国人含む）,40000,福岡県,男性,56730,819,718,701,589,446,390,457,258,325,276,246,146,266,111,86,281,74,74,2129,1379,1787,1559,3782,3001,3148,2634,2065,1877,1664,1551,1509,1368,1232,1238,1179,1043,933,815,885,789,756,721,729,712,791,682,654,574,570,558,530,436,403,433,434,381,306,289,274,232,316,152,170,141,126,195,116,127,135,108,92,74,43,47,47,52,41,41,28,43,31,31,27,26,34,33,23,20,28,26,62
1,男,2,他都道府県（他市町村）への転出者数,60000,移動者（外国人含む）,41000,佐賀県,男性,9571,144,131,110,101,77,59,68,31,38,25,36,28,27,15,10,62,19,32,853,275,358,271,662,433,476,372,324,296,269,235,221,222,216,170,179,165,160,136,126,110,123,111,107,114,112,92,94,99,74,74,62,66,67,63,66,52,51,45,41,48,46,36,30,32,22,22,20,20,22,17,29,19,7,9,10,10,8,10,10,5,8,7,8,8,5,5,6,6,8,4,19
1,男,2,他都道府県（他市町村）への転出者数,60000,移動者（外国人含む）,42000,長崎県,男性,15892,200,204,168,154,129,111,136,86,72,83,65,58,72,39,30,101,35,34,1667,506,567,508,997,663,796,564,474,420,358,349,313,298,299,293,286,275,253,234,210,220,188,175,183,205,202,155,177,170,152,144,143,126,109,107,125,97,74,74,76,66,93,41,46,39,33,55,37,43,32,38,43,15,14,20,10,28,21,19,15,8,20,11,11,15,14,17,8,11,14,11,35
1,男,2,他都道府県（他市町村）への転出者数,60000,移動者（外国人含む）,43000,熊本県,男性,17711,260,213,187,174,152,128,147,89,84,86,72,46,64,35,26,114,38,27,1419,536,693,494,1258,784,859,667,526,528,449,397,380,368,364,346,336,294,274,247,248,249,249,212,205,228,201,220,205,194,176,150,180,135,140,118,119,135,106,93,103,79,91,55,42,55,49,44,48,31,31,32,34,24,11,17,19,10,15,8,17,13,13,13,8,10,16,15,14,8,13,9,40
1,男,2,他都道府県（他市町村）への転出者数,60000,移動者（外国人含む）,44000,大分県,男性,11922,154,131,127,121,110,85,99,69,74,66,58,47,54,32,14,68,18,16,725,286,448,389,855,551,581,446,406,317,318,305,285,268,253,219,228,233,185,190,182,153,151,169,150,146,145,146,132,118,127,117,99,85,77,86,109,68,55,65,60,51,63,44,37,35,30,36,30,24,20,19,24,31,8,13,12,13,9,12,9,6,8,13,7,10,15,7,12,19,2,12,20
1,男,2,他都道府県（他市町村）への転出者数,60000,移動者（外国人含む）,45000,宮崎県,男性,11785,116,123,122,107,87,78,91,71,61,52,59,28,48,32,26,66,23,18,1353,472,485,406,775,495,593,445,351,307,270,254,255,242,214,229,197,189,144,139,155,134,147,121,120,120,124,115,114,110,117,93,103,89,68,61,71,74,71,73,58,58,60,34,36,24,33,31,31,25,22,21,23,20,11,15,17,16,10,7,14,11,13,14,7,9,5,7,10,10,9,6,15
1,男,2,他都道府県（他市町村）への転出者数,60000,移動者（外国人含む）,46000,鹿児島県,男性,16487,209,180,161,177,135,128,116,99,72,96,76,70,96,41,43,84,38,27,2152,602,795,532,896,662,690,585,447,377,351,354,328,323,306,312,267,260,214,209,212,164,189,165,185,188,167,165,172,142,145,147,148,143,106,125,114,90,89,91,75,77,92,51,54,44,45,76,35,30,34,34,31,27,16,18,13,14,29,22,10,12,16,15,14,18,16,14,19,13,11,14,41
1,男,2,他都道府県（他市町村）への転出者数,60000,移動者（外国人含む）,47000,沖縄県,男性,15494,203,179,189,156,146,131,147,94,91,109,80,72,86,58,37,81,25,28,1063,413,722,616,913,638,610,523,471,389,405,355,332,323,333,303,291,296,245,244,217,227,206,201,223,204,223,226,176,159,182,171,150,155,136,119,125,80,89,110,66,81,65,45,43,39,36,54,36,32,25,28,30,25,13,5,11,11,13,11,5,8,2,4,3,2,4,5,2,5,2,4,3
1,男,2,他都道府県（他市町村）への転出者数,60000,移動者（外国人含む）,48000,東京圏,男性,227895,3073,2990,2647,2299,1839,1460,1727,1000,979,929,749,503,731,365,286,728,243,192,3550,4095,4523,4647,12863,11115,11076,9905,8602,7654,7252,7021,6648,6200,5642,5522,5164,4804,4325,3910,3837,3662,3618,3292,3124,3274,3058,3002,2776,2693,2626,2417,2321,2112,1850,2016,1840,1676,1520,1397,1286,1261,1968,990,1046,944,844,1360,873,792,794,768,799,564,344,320,410,378,314,273,269,199,234,191,183,159,158,137,110,98,106,84,268
1,男,2,他都道府県（他市町村）への転出者数,60000,移動者（外国人含む）,49000,名古屋圏,男性,84867,1078,1004,932,781,707,490,601,415,390,395,311,251,337,140,118,368,108,99,2412,1797,2246,2133,4994,3920,4539,4017,3403,3219,2863,2636,2479,2342,2213,1999,1955,1730,1612,1382,1363,1280,1225,1228,1128,1144,1152,1128,1054,936,955,844,822,724,638,669,564,505,441,405,431,337,470,261,230,238,185,270,186,158,160,148,154,117,58,68,91,59,62,51,48,43,48,38,36,40,33,43,28,32,27,26,70
1,男,2,他都道府県（他市町村）への転出者数,60000,移動者（外国人含む）,50000,大阪圏,男性,127206,1758,1514,1334,1195,1004,751,996,559,570,505,453,341,484,219,191,680,179,134,2724,2404,3304,2797,9514,7098,7253,6302,5303,4545,4180,3842,3610,3271,3058,2889,2643,2456,2140,1980,1873,1699,1704,1554,1698,1572,1566,1515,1381,1320,1240,1169,1128,944,928,916,802,749,728,623,591,533,782,422,413,342,353,479,349,313,335,338,296,225,140,144,155,159,149,154,127,101,107,108,104,74,83,91,83,65,74,59,169
1,男,2,他都道府県（他市町村）への転出者数,60000,移動者（外国人含む）,416,21大都市計,男性,696175,11456,9591,8238,6756,4991,3939,5137,2644,2610,2375,2038,1396,2257,1144,945,2479,1167,1035,11067,10053,14077,13664,31947,29159,32577,31068,28836,27307,26280,25198,23658,21848,19837,18824,17578,16073,14247,12751,12179,11340,10737,9811,9366,9298,9036,8575,8014,7535,7032,6813,6513,5637,5119,5443,4948,4515,4232,3893,3707,3446,4309,2615,2436,2322,2280,2765,2104,1943,2031,2033,2019,1601,916,985,1168,1093,992,899,813,668,751,702,695,607,594,508,487,450,416,353,1181
1,男,2,他都道府県（他市町村）への転出者数,60000,移動者（外国人含む）,1100,札幌市,男性,30307,470,374,351,340,252,212,244,165,154,125,107,85,107,65,61,131,50,31,948,692,828,662,1713,1183,1371,1188,940,880,894,800,753,757,644,670,628,574,536,497,514,494,475,433,425,413,470,470,437,450,403,410,388,344,337,327,314,274,271,219,228,166,211,108,93,83,90,115,83,69,73,81,71,49,27,38,36,30,22,26,24,12,23,24,22,15,20,15,19,18,21,12,33
1,男,2,他都道府県（他市町村）への転出者数,60000,移動者（外国人含む）,4100,仙台市,男性,23241,343,340,294,266,214,153,199,106,130,111,92,69,95,49,38,83,32,28,591,323,519,400,1234,901,1162,995,866,773,818,694,689,616,614,540,512,487,416,405,408,352,382,336,354,375,325,324,307,274,284,287,307,213,221,243,199,186,168,176,165,132,178,78,67,70,72,72,51,54,44,36,49,22,20,15,19,17,23,19,14,10,6,12,7,9,10,9,10,6,6,7,14
1,男,2,他都道府県（他市町村）への転出者数,60000,移動者（外国人含む）,11100,さいたま市,男性,26903,399,404,302,276,175,150,168,105,85,87,74,49,76,47,24,72,52,42,355,446,513,465,1157,1298,1341,1325,1171,1128,1137,992,938,900,764,757,678,626,514,499,413,419,413,319,346,295,342,315,268,296,285,236,222,189,198,214,193,165,150,150,143,131,166,113,120,88,96,111,96,69,65,69,74,63,35,29,46,38,37,34,34,18,20,19,28,25,21,18,14,17,7,15,24
1,男,2,他都道府県（他市町村）への転出者数,60000,移動者（外国人含む）,12100,千葉市,男性,19905,277,232,249,169,144,105,135,63,80,63,67,44,61,35,28,71,40,35,280,273,399,374,925,875,989,968,832,842,754,715,670,591,523,441,442,415,345,350,350,361,315,279,253,261,266,245,252,244,199,219,209,176,163,162,131,131,131,113,99,102,102,71,85,84,75,109,74,67,70,61,56,55,30,34,35,33,27,22,29,27,23,36,22,20,22,11,14,7,11,3,28
1,男,2,他都道府県（他市町村）への転出者数,60000,移動者（外国人含む）,13100,東京都特別区部,男性,184042,3106,2407,1942,1553,1101,902,1136,559,520,491,421,285,497,244,219,494,273,273,1712,2283,3282,3535,6813,7228,8152,8062,7901,7478,7368,7185,6783,6240,5635,5482,5178,4711,4120,3582,3517,3246,3011,2706,2459,2535,2275,2242,2060,1891,1778,1738,1638,1445,1269,1375,1295,1119,1020,1017,928,932,1158,745,697,663,662,844,671,599,647,671,676,548,318,359,421,394,325,319,305,216,246,226,228,220,210,165,130,128,132,112,357
1,男,2,他都道府県（他市町村）への転出者数,60000,移動者（外国人含む）,14100,横浜市,男性,64784,958,824,729,601,436,358,492,250,240,214,183,112,216,115,96,206,118,90,643,683,994,1116,2976,2839,2997,3017,2753,2637,2476,2435,2247,2072,1874,1774,1646,1535,1352,1254,1167,1035,1060,896,869,892,856,806,753,696,633,653,611,516,472,481,464,435,425,385,326,339,451,288,260,283,241,308,230,226,190,184,213,153,92,95,104,107,107,101,80,67,67,68,61,54,57,44,67,55,37,33,133
1,男,2,他都道府県（他市町村）への転出者数,60000,移動者（外国人含む）,14130,川崎市,男性,39877,657,574,467,386,263,208,284,108,110,105,86,63,101,49,52,135,69,70,290,337,515,593,1362,1506,1767,1907,1875,1780,1732,1724,1620,1412,1358,1294,1203,1035,974,822,775,724,674,615,522,537,474,429,424,412,375,366,335,309,243,280,261,227,212,199,203,186,225,127,128,132,135,145,102,111,122,104,107,80,49,52,55,68,68,44,29,36,43,33,34,18,23,25,20,18,10,17,42
1,男,2,他都道府県（他市町村）への転出者数,60000,移動者（外国人含む）,14150,相模原市,男性,13470,194,173,141,111,72,51,104,36,42,45,28,32,37,23,16,49,21,24,130,141,244,260,694,657,661,599,559,519,531,511,469,412,387,367,338,350,289,237,245,214,220,193,192,156,166,188,170,141,157,115,89,108,80,99,94,86,85,62,58,62,82,46,62,47,49,61,39,43,43,51,43,37,24,28,27,26,25,24,21,22,17,14,16,8,9,10,13,4,9,10,26
1,男,2,他都道府県（他市町村）への転出者数,60000,移動者（外国人含む）,15100,新潟市,男性,9780,135,131,122,98,54,61,63,42,32,32,40,28,33,19,19,35,19,12,399,192,322,305,708,456,523,436,326,376,324,294,255,235,215,226,201,156,162,132,140,139,128,139,121,118,146,121,86,98,100,102,101,90,59,88,84,62,65,59,51,42,69,27,28,23,23,28,19,14,15,23,21,12,7,5,10,8,6,8,4,3,5,5,2,6,10,7,6,5,8,2,14
1,男,2,他都道府県（他市町村）への転出者数,60000,移動者（外国人含む）,22100,静岡市,男性,9915,135,121,108,98,82,72,77,43,50,40,39,18,44,19,15,49,20,5,321,173,333,237,645,498,517,421,367,391,311,318,288,252,256,225,193,203,179,166,162,138,143,113,150,132,120,123,118,97,88,100,102,86,76,71,56,67,53,52,45,37,56,29,26,28,25,32,27,10,23,20,23,12,8,7,6,13,8,5,9,12,7,8,7,14,6,7,6,4,3,7,9
1,男,2,他都道府県（他市町村）への転出者数,60000,移動者（外国人含む）,22130,浜松市,男性,12026,183,150,152,131,100,71,92,52,36,42,40,18,33,25,24,56,25,14,432,312,341,317,777,611,753,603,521,454,393,412,324,350,292,283,234,227,209,183,194,173,154,156,136,150,152,137,115,93,119,105,94,92,52,82,52,39,61,50,40,38,55,32,22,39,22,36,16,23,19,20,11,18,9,6,14,18,11,9,4,10,8,4,8,8,9,6,5,4,8,2,14
1,男,2,他都道府県（他市町村）への転出者数,60000,移動者（外国人含む）,23100,名古屋市,男性,48704,840,730,659,516,419,285,385,256,225,214,178,137,184,79,61,160,77,69,741,699,923,967,1999,1831,2259,2251,2070,1983,1865,1731,1703,1566,1421,1353,1252,1113,1053,949,848,774,750,742,688,676,658,639,648,535,549,505,489,424,342,397,328,332,265,250,262,213,254,165,135,125,118,138,108,77,109,110,111,83,45,40,65,31,39,41,49,30,46,27,28,26,24,22,25,32,20,13,51
1,男,2,他都道府県（他市町村）への転出者数,60000,移動者（外国人含む）,26100,京都市,男性,23345,361,312,292,202,189,127,189,75,69,60,57,32,68,38,31,106,36,44,355,347,424,434,1473,1236,1314,1172,1048,958,906,834,803,736,678,570,538,500,425,378,388,361,312,315,304,269,266,252,224,203,175,179,179,159,156,134,109,120,118,118,100,96,144,76,74,63,49,76,63,71,67,75,54,64,29,27,39,43,38,33,24,19,32,29,26,24,13,24,20,19,14,14,48
1,男,2,他都道府県（他市町村）への転出者数,60000,移動者（外国人含む）,27100,大阪市,男性,53937,1017,787,626,489,324,252,353,148,158,118,120,72,140,81,65,151,95,82,574,699,1083,1040,2093,2049,2296,2329,2418,2328,2219,2173,2062,1889,1741,1589,1481,1368,1223,1030,929,845,811,745,753,701,721,611,583,597,494,472,466,414,399,422,333,334,353,271,253,264,277,208,191,157,189,175,155,148,184,169,170,138,67,66,101,76,88,60,59,61,61,67,71,50,57,42,48,43,39,40,147
1,男,2,他都道府県（他市町村）への転出者数,60000,移動者（外国人含む）,27140,堺市,男性,12984,224,225,178,157,91,68,109,52,42,44,36,39,40,33,29,71,52,31,188,207,234,201,580,516,544,522,538,487,440,480,428,385,334,327,319,297,247,209,197,188,183,169,167,163,182,176,158,140,145,114,127,108,90,96,91,76,80,64,78,59,87,65,48,57,62,61,65,57,55,48,45,43,27,25,30,26,30,25,30,17,32,29,24,18,17,16,16,15,17,10,32
1,男,2,他都道府県（他市町村）への転出者数,60000,移動者（外国人含む）,28100,神戸市,男性,23460,352,339,275,201,152,130,169,92,91,82,65,36,96,39,37,109,34,36,451,348,582,452,1329,1136,1209,1141,959,917,860,788,830,725,621,564,544,478,395,406,348,349,292,321,293,293,260,252,240,225,229,199,179,164,170,154,173,134,134,109,118,134,147,83,76,79,83,95,69,78,65,84,74,58,32,48,39,43,37,40,29,27,23,26,41,33,23,30,22,18,21,23,74
1,男,2,他都道府県（他市町村）への転出者数,60000,移動者（外国人含む）,33100,岡山市,男性,12850,233,193,184,163,132,95,129,54,59,79,52,36,60,21,13,66,16,12,379,277,349,328,701,528,627,531,450,448,430,421,337,348,322,294,248,278,222,209,210,195,190,175,167,184,162,154,154,153,111,149,119,93,94,104,97,87,90,71,73,66,90,44,42,31,34,36,19,27,26,28,34,24,17,16,13,18,14,18,11,8,15,8,6,8,7,6,7,1,5,3,12
1,男,2,他都道府県（他市町村）への転出者数,60000,移動者（外国人含む）,34100,広島市,男性,21112,380,311,278,245,198,166,209,122,122,105,102,71,95,31,27,118,21,33,587,392,514,449,1216,892,996,857,810,696,683,644,598,537,504,522,434,413,388,337,312,308,302,301,307,297,292,267,263,247,241,210,226,186,191,182,176,164,129,136,130,116,147,91,51,68,59,85,51,36,47,43,40,40,15,25,24,20,21,16,9,13,18,12,16,9,6,10,6,11,8,4,25
1,男,2,他都道府県（他市町村）への転出者数,60000,移動者（外国人含む）,40100,北九州市,男性,15118,250,230,192,160,119,90,137,70,83,63,48,38,73,28,17,106,34,31,497,314,436,414,939,710,820,652,580,504,513,446,436,422,339,308,327,256,242,238,231,209,202,180,180,163,206,188,184,139,132,145,122,106,86,106,102,95,65,70,71,69,83,53,56,45,48,65,31,41,35,35,33,28,15,18,26,29,14,14,17,19,26,20,17,17,13,12,16,10,14,10,44
1,男,2,他都道府県（他市町村）への転出者数,60000,移動者（外国人含む）,40130,福岡市,男性,36473,659,505,497,420,333,268,321,156,208,182,142,88,145,72,48,143,59,47,700,587,879,812,1828,1644,1680,1581,1434,1325,1254,1229,1074,1050,961,943,874,774,694,624,619,569,527,499,499,489,523,445,399,435,394,375,356,296,285,300,274,250,243,237,228,191,245,110,122,112,99,126,89,89,94,95,85,55,35,40,39,38,34,31,23,30,18,21,22,17,22,15,20,21,19,10,24
1,男,2,他都道府県（他市町村）への転出者数,60000,移動者（外国人含む）,43100,熊本市,男性,13942,283,229,200,174,141,115,142,90,74,73,61,44,56,32,25,68,24,26,494,328,363,303,785,565,599,511,418,403,372,372,351,353,354,295,308,277,262,244,212,247,193,179,181,199,174,191,171,169,141,134,154,119,136,126,122,132,114,85,108,71,82,56,53,45,49,47,46,34,38,26,29,19,15,12,19,17,18,10,9,11,15,14,9,8,15,14,3,14,7,6,30
2,女,2,他都道府県（他市町村）への転出者数,60000,移動者（外国人含む）,0,全国,女性,1127028,17979,15124,13446,11694,9149,7506,9344,5551,5434,4983,4376,3133,4812,2371,2139,4697,1900,1910,33884,20135,38627,31229,75571,49743,50568,48567,46673,43266,40901,37942,35415,31801,29093,26961,25178,22720,19943,17991,16961,15552,14203,13033,12089,11687,10829,10353,9443,8783,8146,7934,7324,6279,5760,5945,5494,5160,4598,4452,4163,3915,3977,3370,3274,3179,2946,3211,2954,2894,2946,3141,3074,2519,1661,1876,2153,2136,2226,2155,2046,1945,2196,2340,2347,2376,2344,2423,2251,2185,2004,1933,7084
2,女,2,他都道府県（他市町村）への転出者数,60000,移動者（外国人含む）,1000,北海道,女性,24941,335,300,277,261,218,187,219,156,137,128,138,86,163,74,62,131,53,38,1061,489,1137,736,1653,1040,1065,988,880,745,754,709,658,603,556,569,510,463,428,374,360,346,306,314,334,294,280,274,267,247,188,199,181,147,134,133,128,119,101,103,94,87,68,82,57,82,67,78,80,73,67,81,70,56,43,42,58,53,53,70,35,48,55,70,56,61,51,53,57,43,37,47,131
2,女,2,他都道府県（他市町村）への転出者数,60000,移動者（外国人含む）,2000,青森県,女性,10754,139,125,112,110,98,69,97,69,60,53,52,25,49,28,20,56,21,23,1186,300,746,427,1052,411,360,345,292,248,242,190,224,246,211,194,179,158,141,131,133,111,110,102,94,79,101,93,76,83,60,74,62,51,50,49,47,35,42,47,34,37,38,30,31,34,34,27,21,18,24,29,29,15,14,20,13,17,25,19,18,9,25,19,26,19,14,18,15,14,21,21,38
2,女,2,他都道府県（他市町村）への転出者数,60000,移動者（外国人含む）,3000,岩手県,女性,10369,139,109,122,100,92,76,81,60,66,45,46,26,47,14,16,40,13,16,983,255,635,444,893,406,426,324,311,247,298,266,207,214,206,194,202,159,149,133,128,111,115,111,107,99,93,91,80,71,70,58,68,51,48,50,62,42,49,38,39,31,26,29,20,22,22,23,21,18,23,19,19,24,22,21,22,7,19,16,14,20,25,20,20,26,29,19,17,28,22,25,59
2,女,2,他都道府県（他市町村）への転出者数,60000,移動者（外国人含む）,4000,宮城県,女性,21009,342,280,293,246,215,175,208,134,117,116,91,70,119,56,43,95,27,28,811,344,781,601,1676,887,934,869,778,702,701,548,593,519,532,474,500,384,375,352,352,324,294,268,240,262,219,242,203,156,185,169,148,126,120,96,122,102,86,96,76,63,70,52,48,44,42,36,40,31,37,42,42,35,14,24,20,23,27,27,23,30,21,33,24,29,30,26,23,37,29,17,68
2,女,2,他都道府県（他市町村）への転出者数,60000,移動者（外国人含む）,5000,秋田県,女性,7189,86,72,65,46,49,50,57,31,30,28,36,19,41,21,12,28,11,7,821,198,547,277,787,257,267,236,200,150,160,128,142,129,111,116,109,119,89,90,78,82,73,47,80,62,37,62,56,45,48,50,54,45,23,37,26,28,24,19,26,20,23,22,23,20,11,15,15,25,19,15,18,17,7,7,13,11,14,16,15,15,16,21,15,18,27,17,14,17,18,14,47
2,女,2,他都道府県（他市町村）への転出者数,60000,移動者（外国人含む）,6000,山形県,女性,7916,94,81,78,72,61,46,56,45,27,30,35,20,29,21,16,53,14,9,778,184,537,308,925,316,292,285,258,231,179,201,163,158,144,138,139,121,92,86,80,83,69,72,67,73,75,65,47,54,49,46,40,46,32,29,32,28,32,28,25,28,29,22,16,17,22,18,10,16,21,16,9,18,9,14,10,6,12,6,7,13,17,12,14,17,20,17,10,16,14,18,48
2,女,2,他都道府県（他市町村）への転出者数,60000,移動者（外国人含む）,7000,福島県,女性,14446,193,173,146,123,107,78,99,60,69,67,43,43,55,49,28,74,28,27,888,301,907,590,1514,657,588,529,542,416,408,356,349,301,271,288,207,234,193,188,167,123,133,159,130,126,122,126,100,107,91,97,100,71,67,54,65,65,61,54,51,43,46,45,51,43,40,42,36,44,39,36,36,25,20,12,28,27,36,26,26,30,33,42,31,33,42,44,38,32,22,27,113
2,女,2,他都道府県（他市町村）への転出者数,60000,移動者（外国人含む）,8000,茨城県,女性,25430,380,308,271,245,181,142,202,104,108,101,95,68,127,43,60,128,51,48,860,513,1024,767,2193,1278,1238,1234,1058,974,924,805,788,663,609,534,567,484,426,339,349,317,294,240,252,226,235,208,191,187,170,169,135,149,131,122,103,111,75,80,93,64,75,66,64,53,56,73,55,62,58,55,61,52,36,45,47,49,47,34,44,46,49,44,48,47,39,36,32,44,26,36,110
2,女,2,他都道府県（他市町村）への転出者数,60000,移動者（外国人含む）,9000,栃木県,女性,17815,259,223,201,194,138,120,149,80,82,68,77,51,75,31,28,83,32,31,609,476,827,626,1575,854,833,772,681,667,645,592,538,480,420,375,378,329,273,255,232,216,200,162,205,152,156,161,146,130,120,103,112,98,75,96,63,68,64,58,56,41,52,37,35,35,45,38,40,37,35,37,38,29,21,23,24,27,27,31,22,17,14,12,24,29,33,32,31,25,24,15,85
2,女,2,他都道府県（他市町村）への転出者数,60000,移動者（外国人含む）,10000,群馬県,女性,14823,203,173,177,132,101,85,123,60,54,71,50,43,68,28,27,60,21,32,538,261,586,477,1579,706,683,623,634,500,547,493,455,415,331,350,282,282,250,250,198,183,156,138,157,149,150,138,118,117,92,95,95,85,73,69,69,49,31,40,35,39,31,40,35,31,33,30,21,34,26,25,22,20,18,20,16,26,24,26,25,19,25,22,20,23,24,19,22,11,15,17,77
2,女,2,他都道府県（他市町村）への転出者数,60000,移動者（外国人含む）,11000,埼玉県,女性,73298,1099,964,836,705,518,474,540,294,299,272,232,171,268,139,136,243,137,149,936,1068,1918,1792,4024,3449,3609,3668,3572,3327,3045,2936,2586,2349,2080,1875,1736,1542,1357,1239,1170,1000,871,865,750,739,681,651,586,576,500,490,487,420,388,414,383,318,339,317,264,264,294,249,245,221,198,218,221,191,178,237,207,183,117,130,136,173,143,130,131,117,140,143,132,132,130,135,99,118,77,87,329
2,女,2,他都道府県（他市町村）への転出者数,60000,移動者（外国人含む）,12000,千葉県,女性,65900,908,799,740,665,490,375,468,275,266,259,223,179,238,119,106,214,124,122,1036,1350,1842,1753,3733,3120,3259,3248,3092,2920,2691,2450,2380,2011,1896,1648,1578,1367,1274,1088,973,920,843,738,693,704,642,566,549,517,440,457,414,337,338,321,303,338,250,251,245,243,200,166,199,195,174,176,177,179,137,173,196,178,97,126,139,113,113,130,128,127,123,111,131,112,123,107,105,101,88,75,312
2,女,2,他都道府県（他市町村）への転出者数,60000,移動者（外国人含む）,13000,東京都,女性,171861,3180,2348,2012,1672,1166,937,1284,635,638,569,473,296,486,252,188,402,224,242,1399,2072,3280,3582,7279,7049,7807,7673,7842,7501,7245,7081,6624,5780,5321,4877,4629,4124,3506,3213,2976,2693,2418,2144,1888,1789,1663,1615,1464,1356,1264,1253,1165,929,951,1063,922,938,851,778,726,737,805,647,580,594,536,565,515,541,576,522,509,474,319,318,376,410,401,387,379,356,387,445,428,471,408,439,410,408,386,380,1417
2,女,2,他都道府県（他市町村）への転出者数,60000,移動者（外国人含む）,14000,神奈川県,女性,92905,1540,1319,1157,955,714,574,774,401,428,364,305,197,376,196,151,315,148,136,941,980,1795,1864,4678,4078,4262,4432,4372,4194,3913,3511,3415,3038,2805,2563,2327,2158,1797,1634,1557,1378,1259,1147,1079,1030,923,840,787,759,679,676,590,550,510,539,524,480,412,476,445,405,361,324,324,299,263,304,286,259,268,246,321,244,143,161,167,187,197,175,172,171,177,182,183,195,156,183,159,144,164,141,497
2,女,2,他都道府県（他市町村）への転出者数,60000,移動者（外国人含む）,15000,新潟県,女性,13274,175,162,116,110,96,80,95,67,69,50,52,31,72,26,17,74,26,24,812,284,869,545,1637,580,556,477,426,390,367,327,304,302,261,227,201,194,204,150,145,161,142,121,119,119,119,108,76,97,77,85,85,58,56,49,44,44,50,43,44,27,51,33,42,33,32,39,27,24,30,26,27,20,20,17,24,20,15,25,21,25,28,23,25,25,27,31,29,28,42,26,115
2,女,2,他都道府県（他市町村）への転出者数,60000,移動者（外国人含む）,16000,富山県,女性,6461,97,79,73,53,49,53,45,33,19,32,31,18,26,8,10,23,11,5,275,126,261,221,605,316,341,294,247,236,201,210,181,139,153,133,154,141,109,86,74,78,92,77,65,62,58,51,46,54,40,38,36,36,22,23,28,29,22,22,16,16,20,18,13,6,13,12,10,11,14,19,11,19,4,7,12,6,5,7,6,6,8,12,7,13,6,23,19,13,12,16,34
2,女,2,他都道府県（他市町村）への転出者数,60000,移動者（外国人含む）,17000,石川県,女性,8873,147,115,102,102,76,63,76,57,55,49,46,41,37,25,13,36,18,14,272,164,349,243,767,489,427,372,338,318,276,273,227,238,216,203,178,151,151,149,118,128,95,118,109,120,83,80,85,84,72,67,52,65,49,51,42,39,26,29,23,25,18,26,16,25,14,11,12,20,20,22,19,9,5,7,12,11,16,7,14,7,13,9,15,7,17,13,10,12,10,8,35
2,女,2,他都道府県（他市町村）への転出者数,60000,移動者（外国人含む）,18000,福井県,女性,5453,86,68,60,57,44,38,42,21,32,19,20,15,25,16,16,24,12,15,199,116,275,182,455,270,229,216,245,202,191,169,153,155,116,130,98,91,80,73,73,68,52,52,61,50,61,62,37,46,43,42,34,31,27,26,18,23,18,22,23,11,14,14,6,11,7,7,8,12,13,13,17,7,6,10,7,8,5,5,9,6,11,4,10,8,12,6,13,8,8,9,44
2,女,2,他都道府県（他市町村）への転出者数,60000,移動者（外国人含む）,19000,山梨県,女性,7742,103,76,69,67,52,50,55,37,34,34,19,15,32,14,11,45,11,16,301,160,389,307,924,371,361,360,286,279,261,221,205,193,152,155,123,117,119,89,84,63,73,75,66,64,64,64,47,64,45,51,51,30,27,35,28,38,26,32,16,23,20,12,28,34,21,25,22,16,14,21,31,14,10,15,23,14,16,17,10,15,11,16,11,13,12,17,17,11,12,16,49
2,女,2,他都道府県（他市町村）への転出者数,60000,移動者（外国人含む）,20000,長野県,女性,14709,205,175,136,121,114,79,104,55,65,63,46,54,62,36,36,98,26,26,834,407,805,549,1360,698,604,582,508,472,442,390,370,287,305,290,230,209,200,177,186,176,167,141,160,152,146,112,140,117,125,93,111,86,60,69,72,68,58,42,58,54,61,36,39,47,41,38,38,30,36,43,40,28,29,22,24,30,27,21,38,16,27,33,30,28,33,29,26,26,23,28,129
2,女,2,他都道府県（他市町村）への転出者数,60000,移動者（外国人含む）,21000,岐阜県,女性,17124,224,177,168,140,93,72,115,61,69,81,63,39,64,26,34,101,24,28,597,464,702,560,1422,842,832,841,863,696,669,569,565,498,402,395,327,312,248,232,222,210,161,176,148,154,145,132,129,116,119,98,83,76,66,77,66,56,49,49,48,45,44,37,37,37,40,42,43,46,33,45,43,33,13,28,34,17,46,25,30,23,22,26,28,47,29,36,30,32,21,24,93
2,女,2,他都道府県（他市町村）への転出者数,60000,移動者（外国人含む）,22000,静岡県,女性,27291,404,375,349,331,245,215,224,146,129,141,128,88,147,69,54,128,39,45,1230,553,1186,788,2263,1127,1181,1030,1044,926,842,794,759,684,587,522,578,480,440,449,397,396,334,350,259,299,263,262,233,214,219,181,168,129,128,129,127,118,105,106,98,86,89,72,72,68,68,61,72,76,66,69,83,69,46,53,66,49,67,69,60,53,55,38,42,44,47,54,51,51,45,50,165
2,女,2,他都道府県（他市町村）への転出者数,60000,移動者（外国人含む）,23000,愛知県,女性,52259,1002,931,811,693,516,463,491,333,316,301,250,178,268,150,105,211,94,99,1144,1016,1527,1366,3004,2236,2230,2216,2203,2073,1921,1833,1676,1594,1362,1356,1253,1079,924,881,868,772,668,699,627,593,548,488,457,440,410,437,345,304,289,260,246,240,228,159,169,148,154,131,133,132,109,123,101,95,117,121,83,75,56,73,61,72,75,68,55,50,59,74,70,84,72,74,71,54,71,54,191
2,女,2,他都道府県（他市町村）への転出者数,60000,移動者（外国人含む）,24000,三重県,女性,15715,237,196,169,165,122,105,128,84,92,66,67,60,63,31,48,83,31,35,540,307,565,519,1163,695,699,646,621,564,564,516,471,396,403,329,302,295,251,240,221,206,201,161,167,165,155,145,140,131,126,110,116,90,90,92,93,64,62,65,56,53,55,42,39,45,44,44,41,37,39,37,32,32,24,24,24,28,33,30,33,31,21,41,31,37,25,31,34,33,24,33,114
2,女,2,他都道府県（他市町村）への転出者数,60000,移動者（外国人含む）,25000,滋賀県,女性,12325,180,182,150,142,109,93,107,53,52,46,38,28,58,23,23,66,26,32,298,199,398,319,936,589,612,548,495,507,440,400,388,346,321,273,239,250,223,197,179,163,148,149,127,129,124,102,86,98,99,88,77,53,61,66,59,42,59,55,57,45,35,36,29,29,38,38,29,34,51,30,27,27,17,19,27,26,19,19,20,27,24,22,19,25,27,23,23,18,15,25,75
2,女,2,他都道府県（他市町村）への転出者数,60000,移動者（外国人含む）,26000,京都府,女性,27807,384,332,302,251,207,145,232,110,94,105,85,62,94,39,49,91,33,44,527,402,744,648,2038,1304,1474,1387,1309,1158,1106,1024,915,811,796,677,585,558,489,446,435,395,333,334,288,259,228,223,225,195,190,192,180,159,125,141,123,121,112,97,97,93,106,72,60,81,76,86,79,85,83,83,78,58,44,49,69,52,65,64,58,39,53,60,73,57,67,72,66,61,44,59,206
2,女,2,他都道府県（他市町村）への転出者数,60000,移動者（外国人含む）,27000,大阪府,女性,74688,1360,1156,981,840,641,502,688,380,360,330,290,202,296,143,134,261,126,111,1102,1147,1760,1603,3922,3179,3229,3281,3211,3005,2982,2700,2627,2316,2103,1954,1809,1614,1388,1215,1216,1075,1016,879,791,813,751,762,681,551,561,570,513,447,403,404,367,349,318,278,296,288,274,263,249,214,211,259,226,200,226,268,241,200,115,142,175,175,172,194,143,159,172,202,212,187,183,171,170,186,179,143,500
2,女,2,他都道府県（他市町村）への転出者数,60000,移動者（外国人含む）,28000,兵庫県,女性,45647,661,572,493,465,374,294,372,230,216,186,188,140,195,109,109,227,76,68,940,633,1301,1153,3219,2098,2163,2037,1863,1786,1747,1456,1382,1207,1148,1073,1049,955,844,698,640,680,620,549,496,494,489,432,414,391,341,352,292,281,232,272,244,200,182,196,151,175,138,119,134,118,145,152,120,124,119,165,130,104,70,84,97,95,101,104,90,97,111,106,103,108,132,137,116,99,102,108,369
2,女,2,他都道府県（他市町村）への転出者数,60000,移動者（外国人含む）,29000,奈良県,女性,13345,185,152,122,103,78,68,89,52,42,46,34,35,45,26,22,80,28,51,339,177,317,289,899,640,621,648,602,564,523,484,442,378,349,326,254,250,231,193,181,170,162,138,120,127,133,122,94,101,99,82,94,78,91,76,71,55,57,53,52,52,55,45,52,56,44,42,42,52,41,45,71,39,19,36,39,41,38,48,38,25,29,42,39,39,38,39,38,38,38,30,115
2,女,2,他都道府県（他市町村）への転出者数,60000,移動者（外国人含む）,30000,和歌山県,女性,7064,82,94,77,54,46,39,46,33,23,31,23,19,26,10,12,42,20,24,281,103,310,266,610,337,325,285,261,263,262,224,184,173,134,144,117,116,97,92,78,86,62,55,60,62,61,51,69,67,52,49,45,46,37,32,33,29,27,39,31,15,18,17,21,14,22,19,25,16,32,19,30,17,19,15,15,19,20,17,18,16,22,25,28,18,24,35,23,20,21,17,71
2,女,2,他都道府県（他市町村）への転出者数,60000,移動者（外国人含む）,31000,鳥取県,女性,4742,79,67,58,47,36,41,39,26,39,24,26,20,22,10,9,24,6,4,257,107,225,196,442,215,196,172,152,133,128,127,120,103,86,107,83,87,73,69,67,76,52,46,50,46,53,47,42,30,28,42,21,17,25,33,23,21,18,15,21,18,22,6,13,5,10,8,12,9,11,13,11,9,9,6,6,9,9,7,5,8,6,9,4,12,15,9,5,5,6,8,29
2,女,2,他都道府県（他市町村）への転出者数,60000,移動者（外国人含む）,32000,島根県,女性,5674,82,63,56,54,47,32,50,27,28,26,23,24,29,10,23,25,15,8,367,125,320,225,510,213,217,172,189,167,162,146,139,120,93,123,94,101,73,93,85,77,68,59,73,39,64,52,44,32,39,34,40,28,19,24,32,33,17,23,26,12,17,10,11,9,14,12,13,9,21,8,19,14,6,8,9,12,8,14,10,13,18,27,17,19,19,25,17,11,16,13,64
2,女,2,他都道府県（他市町村）への転出者数,60000,移動者（外国人含む）,33000,岡山県,女性,15610,257,205,212,172,156,116,133,113,90,82,72,49,81,37,30,88,22,30,541,391,678,500,1251,682,745,660,615,563,517,456,438,370,347,283,329,296,259,230,212,189,189,184,160,143,150,146,135,123,105,99,84,86,74,69,63,75,48,59,60,32,51,33,29,36,27,42,30,36,28,38,37,41,23,31,23,32,27,23,25,22,26,33,30,26,26,32,25,32,28,28,109
2,女,2,他都道府県（他市町村）への転出者数,60000,移動者（外国人含む）,34000,広島県,女性,23533,387,354,343,290,250,215,265,180,142,141,106,83,146,60,68,98,38,36,769,543,816,677,1827,1015,1002,890,910,821,695,731,611,610,559,496,452,469,434,379,366,347,317,264,294,275,240,235,224,181,218,172,147,148,111,109,118,104,91,109,85,68,64,59,62,42,58,58,49,36,46,58,52,36,34,29,44,42,28,36,39,29,35,32,38,32,36,44,44,44,32,35,129
2,女,2,他都道府県（他市町村）への転出者数,60000,移動者（外国人含む）,35000,山口県,女性,11462,170,160,136,109,104,74,93,70,78,57,50,35,59,24,24,59,23,21,639,303,619,439,1017,509,460,387,399,349,323,315,263,238,235,204,204,201,183,149,161,123,113,127,107,116,110,113,73,85,76,58,55,67,44,53,49,55,38,44,38,27,31,29,26,28,25,30,28,28,29,41,29,20,16,14,16,26,33,27,29,23,24,29,34,29,23,41,38,42,25,29,106
2,女,2,他都道府県（他市町村）への転出者数,60000,移動者（外国人含む）,36000,徳島県,女性,5559,80,68,69,53,51,35,48,28,23,26,19,19,29,19,10,33,7,8,218,129,272,228,537,264,286,213,224,188,153,141,131,140,111,111,108,95,78,71,85,59,61,71,57,73,59,54,48,44,37,30,35,35,24,23,15,17,17,20,14,17,19,7,16,9,11,11,14,10,7,11,15,9,5,8,8,3,10,4,8,10,7,7,12,10,7,12,15,16,7,11,42
2,女,2,他都道府県（他市町村）への転出者数,60000,移動者（外国人含む）,37000,香川県,女性,8570,169,119,137,107,98,72,86,73,60,57,54,35,43,26,18,40,13,8,303,157,316,250,677,383,355,360,277,282,250,233,229,224,202,197,181,155,164,123,124,120,135,106,94,101,89,94,81,56,48,60,73,44,38,43,41,43,26,35,30,23,18,27,19,21,15,21,21,13,18,23,20,17,9,13,17,15,6,10,13,13,23,13,19,18,13,11,15,18,10,18,46
2,女,2,他都道府県（他市町村）への転出者数,60000,移動者（外国人含む）,38000,愛媛県,女性,10097,161,119,126,114,89,90,87,57,66,62,41,34,54,28,22,55,23,15,554,250,529,341,909,415,375,371,343,322,269,255,240,210,205,203,162,155,153,154,144,114,121,114,101,116,86,101,81,87,69,72,68,60,36,58,49,53,37,29,33,31,36,26,36,21,14,25,24,30,17,29,30,14,16,17,19,16,28,17,24,18,22,22,22,23,25,27,33,20,14,25,89
2,女,2,他都道府県（他市町村）への転出者数,60000,移動者（外国人含む）,39000,高知県,女性,5348,76,77,65,53,50,45,43,36,32,30,27,14,46,10,15,21,13,26,339,120,320,189,567,226,198,183,163,135,123,112,114,99,100,95,86,81,82,56,74,63,65,50,62,64,43,53,47,43,36,38,33,21,24,30,20,24,18,11,15,20,14,11,12,15,17,16,11,15,15,19,18,13,6,10,15,9,10,6,12,6,14,9,7,11,12,17,20,14,13,9,51
2,女,2,他都道府県（他市町村）への転出者数,60000,移動者（外国人含む）,40000,福岡県,女性,44942,801,667,575,549,440,358,433,303,281,254,238,159,220,103,111,207,67,53,1320,966,1714,1271,2963,2142,2006,1887,1739,1620,1467,1446,1237,1148,1154,1060,1033,936,830,742,665,643,610,512,496,471,412,412,402,339,350,285,308,255,241,234,231,184,156,151,145,154,145,137,135,120,91,109,108,103,96,122,104,71,57,49,81,59,72,65,61,57,79,72,90,65,71,79,91,71,63,52,210
2,女,2,他都道府県（他市町村）への転出者数,60000,移動者（外国人含む）,41000,佐賀県,女性,8550,145,114,98,96,66,60,91,32,46,36,32,24,33,24,17,58,19,14,481,178,413,322,687,428,371,369,319,284,260,263,205,225,170,185,180,152,114,114,101,102,99,87,95,75,71,63,60,60,54,38,53,40,38,29,36,28,31,28,21,24,36,17,20,19,23,22,22,19,23,18,27,16,10,15,7,9,11,11,22,14,11,15,24,17,22,23,20,13,17,13,56
2,女,2,他都道府県（他市町村）への転出者数,60000,移動者（外国人含む）,42000,長崎県,女性,13686,179,172,170,137,140,115,121,84,97,78,84,56,69,32,38,92,25,25,1161,324,747,556,1102,551,505,388,419,398,355,310,281,294,234,249,278,205,211,189,180,148,136,135,133,118,128,104,111,94,82,101,84,64,67,73,49,57,51,55,46,45,58,52,45,49,30,39,37,37,41,46,39,25,20,16,29,20,27,16,24,28,38,34,37,32,35,45,35,35,36,46,103
2,女,2,他都道府県（他市町村）への転出者数,60000,移動者（外国人含む）,43000,熊本県,女性,14552,235,200,195,173,135,116,116,75,87,82,65,50,80,35,29,96,35,30,877,329,740,485,1195,683,583,499,500,445,430,408,341,329,323,309,278,257,223,185,193,169,182,151,164,129,100,138,106,109,107,106,92,79,66,72,53,61,51,54,37,42,34,50,33,43,39,43,25,36,40,41,22,31,21,27,17,22,23,19,16,37,29,27,24,34,38,37,40,34,29,16,111
2,女,2,他都道府県（他市町村）への転出者数,60000,移動者（外国人含む）,44000,大分県,女性,10067,158,123,123,122,90,78,96,50,62,62,65,49,47,31,28,64,9,14,467,218,546,420,800,406,411,357,308,303,283,246,258,241,211,204,176,183,152,136,125,139,149,118,103,107,99,87,72,78,76,69,64,57,59,43,49,33,37,37,24,28,35,34,31,29,18,29,29,30,23,33,23,23,13,20,17,15,18,19,20,14,25,41,29,28,33,17,26,21,29,20,75
2,女,2,他都道府県（他市町村）への転出者数,60000,移動者（外国人含む）,45000,宮崎県,女性,9715,155,109,109,113,92,67,95,54,54,45,51,43,44,30,25,55,29,17,876,285,596,397,742,339,346,313,292,275,245,235,215,215,191,179,171,131,126,127,141,125,103,106,72,84,76,73,78,62,71,66,71,51,41,48,44,40,38,29,39,31,37,22,25,21,26,28,35,16,34,25,22,16,12,17,17,18,26,28,22,11,22,14,20,20,32,25,20,25,15,16,76
2,女,2,他都道府県（他市町村）への転出者数,60000,移動者（外国人含む）,46000,鹿児島県,女性,13962,210,206,162,145,130,120,136,94,97,85,71,70,73,34,50,95,22,35,1357,340,915,464,789,474,500,444,399,347,352,315,304,318,286,280,248,244,188,202,177,150,154,153,140,146,120,112,111,91,87,92,83,86,92,70,60,51,56,49,46,45,53,38,31,45,35,53,37,30,31,35,36,32,16,22,32,31,25,32,31,21,37,40,34,40,51,35,32,51,46,24,134
2,女,2,他都道府県（他市町村）への転出者数,60000,移動者（外国人含む）,47000,沖縄県,女性,12526,206,185,147,140,165,125,146,93,104,85,76,50,86,36,36,75,29,21,820,321,541,467,771,519,505,456,391,373,343,347,318,294,285,294,275,236,252,233,191,194,182,169,149,138,124,141,99,98,89,101,80,67,58,60,52,45,52,32,39,40,37,28,32,27,25,24,26,31,24,22,30,11,11,10,18,6,7,8,3,8,7,7,11,8,9,8,7,5,8,4,18
2,女,2,他都道府県（他市町村）への転出者数,60000,移動者（外国人含む）,48000,東京圏,女性,162361,3006,2701,2484,2147,1650,1357,1619,983,1003,885,730,505,698,368,287,489,211,172,1850,2437,3086,3440,7711,6646,6837,6595,6312,6018,5838,5402,5244,4788,4590,4270,4088,3659,3214,3065,2930,2668,2391,2210,1983,1960,1728,1612,1489,1418,1205,1221,1179,947,965,1020,1021,939,866,888,846,814,884,691,712,658,581,634,599,531,558,544,548,468,265,294,347,350,352,306,304,297,333,322,345,341,287,289,259,268,247,227,835
2,女,2,他都道府県（他市町村）への転出者数,60000,移動者（外国人含む）,49000,名古屋圏,女性,60292,1025,945,856,750,572,526,572,386,393,348,298,228,313,168,150,266,102,103,1692,1257,1919,1635,3964,2681,2634,2500,2483,2244,2132,1994,1829,1694,1513,1464,1369,1220,1018,989,963,869,746,774,698,671,645,583,520,498,484,491,412,363,319,323,316,260,237,197,188,177,169,150,158,151,134,139,134,128,126,138,117,91,71,79,77,85,92,83,78,68,68,91,83,99,80,85,87,80,76,70,239
2,女,2,他都道府県（他市町村）への転出者数,60000,移動者（外国人含む）,50000,大阪圏,女性,98872,1607,1424,1216,1136,913,719,955,588,510,490,449,320,418,219,206,361,125,140,1960,1522,2576,2118,6681,4679,4548,4461,4062,3834,3622,3284,3113,2719,2578,2438,2255,2079,1818,1594,1593,1465,1347,1203,1110,1096,1026,972,895,757,739,759,654,579,515,541,477,441,399,382,376,376,362,319,300,285,300,324,297,226,270,317,297,230,138,172,204,191,183,206,176,167,202,222,194,183,214,222,178,172,181,166,535
2,女,2,他都道府県（他市町村）への転出者数,60000,移動者（外国人含む）,416,21大都市計,女性,584432,10919,8982,7597,6340,4655,3835,4928,2576,2532,2278,1961,1317,2214,1148,1010,2106,1130,1076,8094,7782,12938,12807,27353,23742,25828,25764,25989,24853,23815,22614,20974,19021,17491,15977,14885,13359,11390,10220,9655,8808,7968,7268,6547,6346,5759,5561,5206,4791,4608,4425,4107,3467,3293,3392,3108,2921,2699,2604,2377,2278,2250,1956,1746,1700,1625,1758,1635,1588,1670,1665,1683,1399,905,1021,1180,1212,1211,1159,1105,1073,1180,1303,1276,1315,1231,1261,1281,1132,1149,1068,4005
2,女,2,他都道府県（他市町村）への転出者数,60000,移動者（外国人含む）,1100,札幌市,女性,24148,409,385,344,275,238,214,214,146,150,117,111,75,111,61,59,117,47,38,597,388,751,583,1358,930,959,972,914,813,816,766,689,634,593,587,611,555,456,405,356,373,350,325,312,323,271,273,285,270,211,233,205,166,165,156,145,120,121,118,104,77,88,71,62,74,71,76,85,72,67,70,54,46,40,35,40,47,44,47,41,21,35,43,36,44,58,38,44,40,40,42,129
2,女,2,他都道府県（他市町村）への転出者数,60000,移動者（外国人含む）,4100,仙台市,女性,18599,329,307,288,247,203,156,199,110,110,101,73,56,101,47,37,106,32,38,443,249,529,451,1252,725,815,831,713,626,686,534,579,520,496,454,456,375,356,349,317,301,265,225,231,250,203,220,192,128,166,163,151,136,116,92,116,106,90,90,74,61,62,40,46,39,46,36,37,36,37,45,34,23,18,22,16,21,24,24,20,22,20,24,19,27,24,21,23,28,15,16,62
2,女,2,他都道府県（他市町村）への転出者数,60000,移動者（外国人含む）,11100,さいたま市,女性,21962,448,360,302,232,166,126,178,93,78,92,68,49,86,36,44,82,57,41,214,269,458,466,923,978,1007,1018,1044,981,899,929,812,818,686,604,524,474,403,373,348,315,273,263,229,236,212,199,158,189,160,170,155,127,140,135,149,94,104,111,89,94,83,80,61,62,52,70,68,55,52,71,57,51,40,40,43,58,45,47,33,47,42,52,42,42,29,43,31,32,22,31,113
2,女,2,他都道府県（他市町村）への転出者数,60000,移動者（外国人含む）,12100,千葉市,女性,16154,265,223,187,193,125,106,121,59,59,67,58,44,57,27,22,67,41,43,239,222,371,384,874,744,797,786,710,720,644,593,533,458,451,424,362,340,277,264,237,231,204,190,179,203,161,164,147,134,143,120,114,105,103,89,82,79,60,82,70,71,61,36,37,40,45,52,47,55,41,46,57,47,28,30,48,41,43,36,39,36,43,37,35,32,32,27,24,22,18,25,69
2,女,2,他都道府県（他市町村）への転出者数,60000,移動者（外国人含む）,13100,東京都特別区部,女性,156451,2958,2185,1811,1489,998,833,1147,553,554,490,391,265,434,237,197,366,237,264,1261,1936,2813,3152,5613,6075,6836,6834,7096,6886,6698,6621,6213,5508,5074,4631,4339,3876,3261,2992,2816,2485,2208,2031,1725,1612,1521,1443,1361,1308,1176,1129,1086,867,878,967,851,841,772,718,665,690,698,587,519,535,483,498,460,484,510,490,497,455,294,316,357,406,360,351,353,352,372,414,392,423,371,403,403,364,365,347,1317
2,女,2,他都道府県（他市町村）への転出者数,60000,移動者（外国人含む）,14100,横浜市,女性,54732,941,836,665,579,391,341,457,204,256,193,187,131,222,128,88,190,120,113,446,489,950,1037,2208,2190,2405,2512,2625,2510,2312,2140,1997,1870,1702,1544,1420,1226,1035,961,888,788,771,697,651,610,572,529,517,502,441,397,416,362,314,327,325,304,275,284,277,248,229,239,183,179,177,180,180,176,172,172,187,149,92,100,123,106,121,118,112,116,111,112,131,132,109,121,113,103,100,95,378
2,女,2,他都道府県（他市町村）への転出者数,60000,移動者（外国人含む）,14130,川崎市,女性,33284,639,500,469,338,277,189,267,126,129,113,83,54,109,59,57,124,63,58,247,295,507,633,1206,1377,1465,1590,1608,1601,1560,1423,1410,1231,1181,1031,917,881,732,625,611,502,465,444,355,361,335,289,242,246,227,248,211,198,185,195,181,160,141,148,147,125,116,101,85,98,81,103,77,74,94,72,94,68,40,52,46,60,55,53,49,46,47,56,58,48,48,51,54,34,62,30,142
2,女,2,他都道府県（他市町村）への転出者数,60000,移動者（外国人含む）,14150,相模原市,女性,11721,184,171,139,117,67,58,92,39,36,39,26,19,40,21,19,48,26,39,88,117,263,332,668,549,519,558,568,534,510,418,440,350,333,311,242,265,238,201,171,183,136,131,117,128,105,100,96,88,97,84,84,59,71,85,60,47,63,62,44,50,40,38,49,45,34,41,50,41,32,37,45,38,26,15,23,34,24,19,30,22,26,26,32,20,19,18,24,18,16,22,72
2,女,2,他都道府県（他市町村）への転出者数,60000,移動者（外国人含む）,15100,新潟市,女性,8157,148,141,91,82,73,53,73,46,55,32,36,16,49,21,13,40,13,15,303,144,331,238,761,344,370,345,302,299,271,259,242,223,196,164,148,151,155,121,102,120,83,84,88,87,90,83,57,73,51,64,66,34,39,31,27,27,34,23,32,17,32,19,28,23,15,15,20,16,19,15,14,14,13,10,7,8,10,10,4,15,17,6,14,6,16,9,12,19,17,13,45
2,女,2,他都道府県（他市町村）への転出者数,60000,移動者（外国人含む）,22100,静岡市,女性,7937,130,148,102,95,68,57,76,46,43,32,31,14,44,16,19,37,9,7,237,86,240,207,548,331,371,348,302,305,277,298,244,247,194,198,201,139,139,134,122,101,108,109,85,84,74,81,60,65,71,66,45,44,43,35,32,35,35,39,32,21,17,32,24,7,18,15,17,16,17,15,17,17,6,21,21,12,21,12,9,16,8,20,10,12,13,21,14,18,17,11,56
2,女,2,他都道府県（他市町村）への転出者数,60000,移動者（外国人含む）,22130,浜松市,女性,8543,153,132,117,113,74,81,77,53,37,38,29,27,50,18,8,36,10,17,347,227,321,249,611,379,394,329,385,357,313,280,265,231,192,192,180,155,146,130,119,113,106,108,81,77,79,70,70,69,67,54,51,34,31,38,39,41,30,21,16,23,21,18,18,24,18,14,19,14,10,16,20,12,9,9,17,7,6,10,17,11,10,5,10,17,12,8,19,15,9,11,47
2,女,2,他都道府県（他市町村）への転出者数,60000,移動者（外国人含む）,23100,名古屋市,女性,37965,791,741,614,518,364,337,381,223,202,198,174,117,176,96,83,143,77,59,562,546,804,851,1613,1420,1594,1595,1677,1641,1557,1465,1376,1287,1116,1076,964,871,718,638,636,589,517,512,468,429,394,367,341,334,306,316,281,234,216,191,182,166,164,127,123,108,124,107,99,78,89,94,73,68,87,74,70,54,46,49,58,46,61,52,61,48,56,69,69,77,66,74,60,66,68,49,207
2,女,2,他都道府県（他市町村）への転出者数,60000,移動者（外国人含む）,26100,京都市,女性,21667,356,286,223,189,169,115,159,89,67,76,62,48,69,29,29,81,28,33,316,280,413,432,1401,1045,1139,1132,1053,970,894,849,768,672,670,575,509,447,402,363,353,313,262,267,219,199,183,172,168,145,141,155,142,117,104,108,104,100,110,71,75,72,74,69,49,61,62,64,52,55,69,60,56,36,24,40,49,45,62,49,32,35,42,42,55,39,50,60,50,38,32,47,151
2,女,2,他都道府県（他市町村）への転出者数,60000,移動者（外国人含む）,27100,大阪市,女性,46119,917,717,563,474,320,233,338,133,149,128,135,76,125,73,64,110,103,81,490,604,953,991,1755,1786,2017,2117,2175,2116,2065,1917,1911,1651,1485,1346,1268,1104,912,808,774,693,597,509,469,496,395,437,412,334,345,353,307,256,233,248,223,206,191,181,156,175,146,130,147,119,122,135,123,122,134,129,140,121,56,77,107,98,106,102,87,84,106,150,130,133,119,114,114,107,127,121,413
2,女,2,他都道府県（他市町村）への転出者数,60000,移動者（外国人含む）,27140,堺市,女性,11589,206,165,154,125,78,77,113,43,49,49,42,29,59,20,27,61,43,36,159,167,276,226,506,444,490,446,445,468,466,446,358,365,311,273,271,226,195,163,183,152,162,132,145,141,131,125,110,86,104,108,98,73,66,91,52,73,60,37,46,50,67,35,32,34,33,46,38,33,47,57,57,41,22,36,49,37,37,52,47,36,39,39,47,34,33,37,35,26,37,21,103
2,女,2,他都道府県（他市町村）への転出者数,60000,移動者（外国人含む）,28100,神戸市,女性,21564,386,275,252,203,158,126,157,89,80,59,66,43,68,40,39,96,39,40,324,325,537,505,1179,942,1034,947,927,948,859,829,714,640,572,521,526,461,400,345,309,318,305,264,211,216,201,189,196,179,172,170,119,123,120,129,119,96,93,100,87,81,81,79,59,53,62,79,64,61,68,70,77,66,30,49,37,60,53,49,34,56,57,69,55,58,70,63,87,49,61,53,207
2,女,2,他都道府県（他市町村）への転出者数,60000,移動者（外国人含む）,33100,岡山市,女性,10920,210,179,178,134,117,102,111,71,69,54,43,35,52,34,19,65,20,21,260,265,347,299,666,472,515,447,459,395,403,374,307,291,273,243,261,227,209,163,171,134,133,138,122,107,106,107,91,82,82,65,70,53,61,58,45,57,34,48,47,35,49,26,29,25,22,27,27,29,24,22,24,28,15,24,15,13,21,10,19,7,15,17,13,24,16,12,19,18,20,13,61
2,女,2,他都道府県（他市町村）への転出者数,60000,移動者（外国人含む）,34100,広島市,女性,16852,325,309,293,232,214,157,198,130,102,100,80,51,99,49,43,72,36,25,364,275,463,382,1063,601,671,660,675,612,562,590,487,488,432,379,341,362,351,293,284,271,247,199,217,210,184,180,172,135,173,129,117,122,84,84,99,95,67,90,67,65,55,48,49,39,48,45,49,33,43,39,48,29,28,18,29,23,26,24,21,11,16,25,21,24,24,20,28,28,13,23,68
2,女,2,他都道府県（他市町村）への転出者数,60000,移動者（外国人含む）,40100,北九州市,女性,12550,214,203,172,183,132,103,113,72,83,60,62,38,69,42,30,92,29,31,281,203,380,326,871,550,534,493,516,425,453,425,317,294,317,292,255,223,229,171,158,156,164,139,137,108,106,109,112,82,105,74,74,85,61,57,62,51,50,63,51,44,53,41,35,36,27,33,41,40,34,51,27,28,21,18,31,30,29,23,44,32,36,39,50,41,35,43,50,37,44,43,127
2,女,2,他都道府県（他市町村）への転出者数,60000,移動者（外国人含む）,40130,福岡市,女性,31606,622,512,445,379,293,248,333,183,153,166,137,89,130,61,77,117,63,52,512,489,873,778,1536,1394,1405,1383,1338,1245,1174,1104,999,951,920,844,808,752,577,553,535,507,445,380,363,348,327,305,324,240,277,235,220,186,198,200,158,164,156,122,128,117,113,112,102,91,71,90,80,76,69,74,80,57,34,40,50,39,49,52,42,37,53,42,36,55,59,51,48,45,38,41,150
2,女,2,他都道府県（他市町村）への転出者数,60000,移動者（外国人含む）,43100,熊本市,女性,11912,288,207,188,143,130,123,124,68,71,74,67,41,64,33,36,56,37,25,404,206,358,285,741,466,491,421,457,401,396,354,313,292,297,288,282,249,199,168,165,163,167,121,143,121,109,119,95,102,93,92,95,86,65,76,57,59,49,69,47,54,41,48,33,38,49,45,28,32,44,40,28,19,23,20,14,21,14,19,11,23,29,16,21,27,28,27,29,25,28,14,88
